timestamp,source,location_name,latitude,longitude,parameter,value,unit,aqi,temperature,humidity,wind_speed,wind_deg,pressure
2025-10-04 00:00:00+00:00,openweather_forecast,OpenWeatherMap Forecast,40.7128,-74.006,CO,146.66,μg/m³,2,,,,,
2025-10-04 00:00:00+00:00,openweather_forecast,OpenWeatherMap Forecast,40.7128,-74.006,NO2,9.9,μg/m³,2,,,,,
2025-10-04 00:00:00+00:00,openweather_forecast,OpenWeatherMap Forecast,40.7128,-74.006,O3,76.31,μg/m³,2,,,,,
2025-10-04 00:00:00+00:00,openweather_forecast,OpenWeatherMap Forecast,40.7128,-74.006,SO2,1.37,μg/m³,2,,,,,
2025-10-04 00:00:00+00:00,openweather_forecast,OpenWeatherMap Forecast,40.7128,-74.006,PM2.5,4.07,μg/m³,2,,,,,
2025-10-04 00:00:00+00:00,openweather_forecast,OpenWeatherMap Forecast,40.7128,-74.006,PM10,8.62,μg/m³,2,,,,,
2025-10-04 00:00:00+00:00,openweather_forecast,OpenWeatherMap Forecast,40.7128,-74.006,NH3,0.58,μg/m³,2,,,,,
2025-10-04 01:00:00+00:00,openweather_forecast,OpenWeatherMap Forecast,40.7128,-74.006,NH3,0.6,μg/m³,2,,,,,
2025-10-04 01:00:00+00:00,openweather_forecast,OpenWeatherMap Forecast,40.7128,-74.006,PM10,8.32,μg/m³,2,,,,,
2025-10-04 01:00:00+00:00,openweather_forecast,OpenWeatherMap Forecast,40.7128,-74.006,PM2.5,3.65,μg/m³,2,,,,,
2025-10-04 01:00:00+00:00,openweather_forecast,OpenWeatherMap Forecast,40.7128,-74.006,NO2,9.38,μg/m³,2,,,,,
2025-10-04 01:00:00+00:00,openweather_forecast,OpenWeatherMap Forecast,40.7128,-74.006,O3,72.34,μg/m³,2,,,,,
2025-10-04 01:00:00+00:00,openweather_forecast,OpenWeatherMap Forecast,40.7128,-74.006,CO,145.06,μg/m³,2,,,,,
2025-10-04 01:00:00+00:00,openweather_forecast,OpenWeatherMap Forecast,40.7128,-74.006,SO2,1.21,μg/m³,2,,,,,
2025-10-04 02:00:00+00:00,openweather_forecast,OpenWeatherMap Forecast,40.7128,-74.006,PM10,8.15,μg/m³,2,,,,,
2025-10-04 02:00:00+00:00,openweather_forecast,OpenWeatherMap Forecast,40.7128,-74.006,NH3,0.6,μg/m³,2,,,,,
2025-10-04 02:00:00+00:00,openweather_forecast,OpenWeatherMap Forecast,40.7128,-74.006,SO2,1.08,μg/m³,2,,,,,
2025-10-04 02:00:00+00:00,openweather_forecast,OpenWeatherMap Forecast,40.7128,-74.006,PM2.5,3.35,μg/m³,2,,,,,
2025-10-04 02:00:00+00:00,openweather_forecast,OpenWeatherMap Forecast,40.7128,-74.006,NO2,8.73,μg/m³,2,,,,,
2025-10-04 02:00:00+00:00,openweather_forecast,OpenWeatherMap Forecast,40.7128,-74.006,CO,143.24,μg/m³,2,,,,,
2025-10-04 02:00:00+00:00,openweather_forecast,OpenWeatherMap Forecast,40.7128,-74.006,O3,69.99,μg/m³,2,,,,,
2025-10-04 03:00:00+00:00,openweather_forecast,OpenWeatherMap Forecast,40.7128,-74.006,NH3,0.51,μg/m³,2,17.69,66.0,3.88,228.0,1024.0
2025-10-04 03:00:00+00:00,openweather_forecast,OpenWeatherMap Forecast,40.7128,-74.006,PM2.5,3.18,μg/m³,2,17.69,66.0,3.88,228.0,1024.0
2025-10-04 03:00:00+00:00,openweather_forecast,OpenWeatherMap Forecast,40.7128,-74.006,SO2,0.99,μg/m³,2,17.69,66.0,3.88,228.0,1024.0
2025-10-04 03:00:00+00:00,openweather_forecast,OpenWeatherMap Forecast,40.7128,-74.006,PM10,8.1,μg/m³,2,17.69,66.0,3.88,228.0,1024.0
2025-10-04 03:00:00+00:00,openweather_forecast,OpenWeatherMap Forecast,40.7128,-74.006,NO2,8.45,μg/m³,2,17.69,66.0,3.88,228.0,1024.0
2025-10-04 03:00:00+00:00,openweather_forecast,OpenWeatherMap Forecast,40.7128,-74.006,CO,141.98,μg/m³,2,17.69,66.0,3.88,228.0,1024.0
2025-10-04 03:00:00+00:00,openweather_forecast,OpenWeatherMap Forecast,40.7128,-74.006,O3,67.63,μg/m³,2,17.69,66.0,3.88,228.0,1024.0
2025-10-04 04:00:00+00:00,openweather_forecast,OpenWeatherMap Forecast,40.7128,-74.006,PM10,7.97,μg/m³,2,,,,,
2025-10-04 04:00:00+00:00,openweather_forecast,OpenWeatherMap Forecast,40.7128,-74.006,CO,138.11,μg/m³,2,,,,,
2025-10-04 04:00:00+00:00,openweather_forecast,OpenWeatherMap Forecast,40.7128,-74.006,NO2,7.9,μg/m³,2,,,,,
2025-10-04 04:00:00+00:00,openweather_forecast,OpenWeatherMap Forecast,40.7128,-74.006,O3,65.86,μg/m³,2,,,,,
2025-10-04 04:00:00+00:00,openweather_forecast,OpenWeatherMap Forecast,40.7128,-74.006,SO2,0.94,μg/m³,2,,,,,
2025-10-04 04:00:00+00:00,openweather_forecast,OpenWeatherMap Forecast,40.7128,-74.006,PM2.5,3.04,μg/m³,2,,,,,
2025-10-04 04:00:00+00:00,openweather_forecast,OpenWeatherMap Forecast,40.7128,-74.006,NH3,0.4,μg/m³,2,,,,,
2025-10-04 05:00:00+00:00,openweather_forecast,OpenWeatherMap Forecast,40.7128,-74.006,PM10,7.92,μg/m³,2,,,,,
2025-10-04 05:00:00+00:00,openweather_forecast,OpenWeatherMap Forecast,40.7128,-74.006,NH3,0.34,μg/m³,2,,,,,
2025-10-04 05:00:00+00:00,openweather_forecast,OpenWeatherMap Forecast,40.7128,-74.006,SO2,0.91,μg/m³,2,,,,,
2025-10-04 05:00:00+00:00,openweather_forecast,OpenWeatherMap Forecast,40.7128,-74.006,PM2.5,2.96,μg/m³,2,,,,,
2025-10-04 05:00:00+00:00,openweather_forecast,OpenWeatherMap Forecast,40.7128,-74.006,O3,64.68,μg/m³,2,,,,,
2025-10-04 05:00:00+00:00,openweather_forecast,OpenWeatherMap Forecast,40.7128,-74.006,NO2,6.77,μg/m³,2,,,,,
2025-10-04 05:00:00+00:00,openweather_forecast,OpenWeatherMap Forecast,40.7128,-74.006,CO,133.31,μg/m³,2,,,,,
2025-10-04 06:00:00+00:00,openweather_forecast,OpenWeatherMap Forecast,40.7128,-74.006,CO,129.07,μg/m³,2,16.89,64.0,3.89,251.0,1023.0
2025-10-04 06:00:00+00:00,openweather_forecast,OpenWeatherMap Forecast,40.7128,-74.006,NO2,5.79,μg/m³,2,16.89,64.0,3.89,251.0,1023.0
2025-10-04 06:00:00+00:00,openweather_forecast,OpenWeatherMap Forecast,40.7128,-74.006,O3,63.26,μg/m³,2,16.89,64.0,3.89,251.0,1023.0
2025-10-04 06:00:00+00:00,openweather_forecast,OpenWeatherMap Forecast,40.7128,-74.006,SO2,0.87,μg/m³,2,16.89,64.0,3.89,251.0,1023.0
2025-10-04 06:00:00+00:00,openweather_forecast,OpenWeatherMap Forecast,40.7128,-74.006,PM2.5,2.94,μg/m³,2,16.89,64.0,3.89,251.0,1023.0
2025-10-04 06:00:00+00:00,openweather_forecast,OpenWeatherMap Forecast,40.7128,-74.006,PM10,7.98,μg/m³,2,16.89,64.0,3.89,251.0,1023.0
2025-10-04 06:00:00+00:00,openweather_forecast,OpenWeatherMap Forecast,40.7128,-74.006,NH3,0.3,μg/m³,2,16.89,64.0,3.89,251.0,1023.0
2025-10-04 07:00:00+00:00,openweather_forecast,OpenWeatherMap Forecast,40.7128,-74.006,NH3,0.29,μg/m³,2,,,,,
2025-10-04 07:00:00+00:00,openweather_forecast,OpenWeatherMap Forecast,40.7128,-74.006,PM10,8.13,μg/m³,2,,,,,
2025-10-04 07:00:00+00:00,openweather_forecast,OpenWeatherMap Forecast,40.7128,-74.006,PM2.5,2.99,μg/m³,2,,,,,
2025-10-04 07:00:00+00:00,openweather_forecast,OpenWeatherMap Forecast,40.7128,-74.006,CO,127.37,μg/m³,2,,,,,
2025-10-04 07:00:00+00:00,openweather_forecast,OpenWeatherMap Forecast,40.7128,-74.006,O3,60.83,μg/m³,2,,,,,
2025-10-04 07:00:00+00:00,openweather_forecast,OpenWeatherMap Forecast,40.7128,-74.006,NO2,5.26,μg/m³,2,,,,,
2025-10-04 07:00:00+00:00,openweather_forecast,OpenWeatherMap Forecast,40.7128,-74.006,SO2,0.83,μg/m³,2,,,,,
2025-10-04 08:00:00+00:00,openweather_forecast,OpenWeatherMap Forecast,40.7128,-74.006,PM2.5,3.07,μg/m³,1,,,,,
2025-10-04 08:00:00+00:00,openweather_forecast,OpenWeatherMap Forecast,40.7128,-74.006,NH3,0.27,μg/m³,1,,,,,
2025-10-04 08:00:00+00:00,openweather_forecast,OpenWeatherMap Forecast,40.7128,-74.006,PM10,8.3,μg/m³,1,,,,,
2025-10-04 08:00:00+00:00,openweather_forecast,OpenWeatherMap Forecast,40.7128,-74.006,SO2,0.79,μg/m³,1,,,,,
2025-10-04 08:00:00+00:00,openweather_forecast,OpenWeatherMap Forecast,40.7128,-74.006,NO2,5.05,μg/m³,1,,,,,
2025-10-04 08:00:00+00:00,openweather_forecast,OpenWeatherMap Forecast,40.7128,-74.006,CO,127.2,μg/m³,1,,,,,
2025-10-04 08:00:00+00:00,openweather_forecast,OpenWeatherMap Forecast,40.7128,-74.006,O3,57.14,μg/m³,1,,,,,
2025-10-04 09:00:00+00:00,openweather_forecast,OpenWeatherMap Forecast,40.7128,-74.006,CO,128.51,μg/m³,1,15.77,67.0,3.28,257.0,1023.0
2025-10-04 09:00:00+00:00,openweather_forecast,OpenWeatherMap Forecast,40.7128,-74.006,NO2,5.09,μg/m³,1,15.77,67.0,3.28,257.0,1023.0
2025-10-04 09:00:00+00:00,openweather_forecast,OpenWeatherMap Forecast,40.7128,-74.006,O3,52.89,μg/m³,1,15.77,67.0,3.28,257.0,1023.0
2025-10-04 09:00:00+00:00,openweather_forecast,OpenWeatherMap Forecast,40.7128,-74.006,SO2,0.76,μg/m³,1,15.77,67.0,3.28,257.0,1023.0
2025-10-04 09:00:00+00:00,openweather_forecast,OpenWeatherMap Forecast,40.7128,-74.006,PM2.5,3.17,μg/m³,1,15.77,67.0,3.28,257.0,1023.0
2025-10-04 09:00:00+00:00,openweather_forecast,OpenWeatherMap Forecast,40.7128,-74.006,PM10,8.48,μg/m³,1,15.77,67.0,3.28,257.0,1023.0
2025-10-04 09:00:00+00:00,openweather_forecast,OpenWeatherMap Forecast,40.7128,-74.006,NH3,0.25,μg/m³,1,15.77,67.0,3.28,257.0,1023.0
2025-10-04 10:00:00+00:00,openweather_forecast,OpenWeatherMap Forecast,40.7128,-74.006,PM10,8.72,μg/m³,1,,,,,
2025-10-04 10:00:00+00:00,openweather_forecast,OpenWeatherMap Forecast,40.7128,-74.006,CO,131.68,μg/m³,1,,,,,
2025-10-04 10:00:00+00:00,openweather_forecast,OpenWeatherMap Forecast,40.7128,-74.006,NO2,5.58,μg/m³,1,,,,,
2025-10-04 10:00:00+00:00,openweather_forecast,OpenWeatherMap Forecast,40.7128,-74.006,O3,47.94,μg/m³,1,,,,,
2025-10-04 10:00:00+00:00,openweather_forecast,OpenWeatherMap Forecast,40.7128,-74.006,SO2,0.8,μg/m³,1,,,,,
2025-10-04 10:00:00+00:00,openweather_forecast,OpenWeatherMap Forecast,40.7128,-74.006,PM2.5,3.29,μg/m³,1,,,,,
2025-10-04 10:00:00+00:00,openweather_forecast,OpenWeatherMap Forecast,40.7128,-74.006,NH3,0.26,μg/m³,1,,,,,
2025-10-04 11:00:00+00:00,openweather_forecast,OpenWeatherMap Forecast,40.7128,-74.006,PM10,9.24,μg/m³,1,,,,,
2025-10-04 11:00:00+00:00,openweather_forecast,OpenWeatherMap Forecast,40.7128,-74.006,NH3,0.3,μg/m³,1,,,,,
2025-10-04 11:00:00+00:00,openweather_forecast,OpenWeatherMap Forecast,40.7128,-74.006,SO2,0.92,μg/m³,1,,,,,
2025-10-04 11:00:00+00:00,openweather_forecast,OpenWeatherMap Forecast,40.7128,-74.006,PM2.5,3.47,μg/m³,1,,,,,
2025-10-04 11:00:00+00:00,openweather_forecast,OpenWeatherMap Forecast,40.7128,-74.006,O3,42.63,μg/m³,1,,,,,
2025-10-04 11:00:00+00:00,openweather_forecast,OpenWeatherMap Forecast,40.7128,-74.006,NO2,7.19,μg/m³,1,,,,,
2025-10-04 11:00:00+00:00,openweather_forecast,OpenWeatherMap Forecast,40.7128,-74.006,CO,140.32,μg/m³,1,,,,,
2025-10-04 12:00:00+00:00,openweather_forecast,OpenWeatherMap Forecast,40.7128,-74.006,PM10,9.98,μg/m³,1,17.21,67.0,2.62,275.0,1023.0
2025-10-04 12:00:00+00:00,openweather_forecast,OpenWeatherMap Forecast,40.7128,-74.006,PM2.5,3.74,μg/m³,1,17.21,67.0,2.62,275.0,1023.0
2025-10-04 12:00:00+00:00,openweather_forecast,OpenWeatherMap Forecast,40.7128,-74.006,SO2,1.09,μg/m³,1,17.21,67.0,2.62,275.0,1023.0
2025-10-04 12:00:00+00:00,openweather_forecast,OpenWeatherMap Forecast,40.7128,-74.006,NH3,0.37,μg/m³,1,17.21,67.0,2.62,275.0,1023.0
2025-10-04 12:00:00+00:00,openweather_forecast,OpenWeatherMap Forecast,40.7128,-74.006,NO2,9.85,μg/m³,1,17.21,67.0,2.62,275.0,1023.0
2025-10-04 12:00:00+00:00,openweather_forecast,OpenWeatherMap Forecast,40.7128,-74.006,CO,156.04,μg/m³,1,17.21,67.0,2.62,275.0,1023.0
2025-10-04 12:00:00+00:00,openweather_forecast,OpenWeatherMap Forecast,40.7128,-74.006,O3,36.71,μg/m³,1,17.21,67.0,2.62,275.0,1023.0
2025-10-04 13:00:00+00:00,openweather_forecast,OpenWeatherMap Forecast,40.7128,-74.006,CO,171.1,μg/m³,1,,,,,
2025-10-04 13:00:00+00:00,openweather_forecast,OpenWeatherMap Forecast,40.7128,-74.006,NO2,9.79,μg/m³,1,,,,,
2025-10-04 13:00:00+00:00,openweather_forecast,OpenWeatherMap Forecast,40.7128,-74.006,O3,33.62,μg/m³,1,,,,,
2025-10-04 13:00:00+00:00,openweather_forecast,OpenWeatherMap Forecast,40.7128,-74.006,SO2,1.28,μg/m³,1,,,,,
2025-10-04 13:00:00+00:00,openweather_forecast,OpenWeatherMap Forecast,40.7128,-74.006,PM2.5,3.99,μg/m³,1,,,,,
2025-10-04 13:00:00+00:00,openweather_forecast,OpenWeatherMap Forecast,40.7128,-74.006,PM10,10.67,μg/m³,1,,,,,
2025-10-04 13:00:00+00:00,openweather_forecast,OpenWeatherMap Forecast,40.7128,-74.006,NH3,0.47,μg/m³,1,,,,,
2025-10-04 14:00:00+00:00,openweather_forecast,OpenWeatherMap Forecast,40.7128,-74.006,PM10,11.39,μg/m³,1,,,,,
2025-10-04 14:00:00+00:00,openweather_forecast,OpenWeatherMap Forecast,40.7128,-74.006,NH3,0.66,μg/m³,1,,,,,
2025-10-04 14:00:00+00:00,openweather_forecast,OpenWeatherMap Forecast,40.7128,-74.006,PM2.5,4.23,μg/m³,1,,,,,
2025-10-04 14:00:00+00:00,openweather_forecast,OpenWeatherMap Forecast,40.7128,-74.006,SO2,1.6,μg/m³,1,,,,,
2025-10-04 14:00:00+00:00,openweather_forecast,OpenWeatherMap Forecast,40.7128,-74.006,O3,32.67,μg/m³,1,,,,,
2025-10-04 14:00:00+00:00,openweather_forecast,OpenWeatherMap Forecast,40.7128,-74.006,NO2,8.74,μg/m³,1,,,,,
2025-10-04 14:00:00+00:00,openweather_forecast,OpenWeatherMap Forecast,40.7128,-74.006,CO,181.14,μg/m³,1,,,,,
2025-10-04 15:00:00+00:00,openweather_forecast,OpenWeatherMap Forecast,40.7128,-74.006,CO,185.97,μg/m³,1,23.01,48.0,2.47,291.0,1023.0
2025-10-04 15:00:00+00:00,openweather_forecast,OpenWeatherMap Forecast,40.7128,-74.006,NO2,8.57,μg/m³,1,23.01,48.0,2.47,291.0,1023.0
2025-10-04 15:00:00+00:00,openweather_forecast,OpenWeatherMap Forecast,40.7128,-74.006,O3,37.16,μg/m³,1,23.01,48.0,2.47,291.0,1023.0
2025-10-04 15:00:00+00:00,openweather_forecast,OpenWeatherMap Forecast,40.7128,-74.006,SO2,2.42,μg/m³,1,23.01,48.0,2.47,291.0,1023.0
2025-10-04 15:00:00+00:00,openweather_forecast,OpenWeatherMap Forecast,40.7128,-74.006,PM2.5,4.7,μg/m³,1,23.01,48.0,2.47,291.0,1023.0
2025-10-04 15:00:00+00:00,openweather_forecast,OpenWeatherMap Forecast,40.7128,-74.006,PM10,12.54,μg/m³,1,23.01,48.0,2.47,291.0,1023.0
2025-10-04 15:00:00+00:00,openweather_forecast,OpenWeatherMap Forecast,40.7128,-74.006,NH3,0.83,μg/m³,1,23.01,48.0,2.47,291.0,1023.0
2025-10-04 16:00:00+00:00,openweather_forecast,OpenWeatherMap Forecast,40.7128,-74.006,NH3,0.5,μg/m³,2,,,,,
2025-10-04 16:00:00+00:00,openweather_forecast,OpenWeatherMap Forecast,40.7128,-74.006,PM10,13.99,μg/m³,2,,,,,
2025-10-04 16:00:00+00:00,openweather_forecast,OpenWeatherMap Forecast,40.7128,-74.006,PM2.5,6.21,μg/m³,2,,,,,
2025-10-04 16:00:00+00:00,openweather_forecast,OpenWeatherMap Forecast,40.7128,-74.006,CO,142.48,μg/m³,2,,,,,
2025-10-04 16:00:00+00:00,openweather_forecast,OpenWeatherMap Forecast,40.7128,-74.006,O3,90.99,μg/m³,2,,,,,
2025-10-04 16:00:00+00:00,openweather_forecast,OpenWeatherMap Forecast,40.7128,-74.006,NO2,5.57,μg/m³,2,,,,,
2025-10-04 16:00:00+00:00,openweather_forecast,OpenWeatherMap Forecast,40.7128,-74.006,SO2,4.52,μg/m³,2,,,,,
2025-10-04 17:00:00+00:00,openweather_forecast,OpenWeatherMap Forecast,40.7128,-74.006,PM2.5,7.85,μg/m³,3,,,,,
2025-10-04 17:00:00+00:00,openweather_forecast,OpenWeatherMap Forecast,40.7128,-74.006,NH3,0.38,μg/m³,3,,,,,
2025-10-04 17:00:00+00:00,openweather_forecast,OpenWeatherMap Forecast,40.7128,-74.006,PM10,14.93,μg/m³,3,,,,,
2025-10-04 17:00:00+00:00,openweather_forecast,OpenWeatherMap Forecast,40.7128,-74.006,SO2,3.88,μg/m³,3,,,,,
2025-10-04 17:00:00+00:00,openweather_forecast,OpenWeatherMap Forecast,40.7128,-74.006,NO2,3.5,μg/m³,3,,,,,
2025-10-04 17:00:00+00:00,openweather_forecast,OpenWeatherMap Forecast,40.7128,-74.006,O3,107.01,μg/m³,3,,,,,
2025-10-04 17:00:00+00:00,openweather_forecast,OpenWeatherMap Forecast,40.7128,-74.006,CO,133.41,μg/m³,3,,,,,
2025-10-04 18:00:00+00:00,openweather_forecast,OpenWeatherMap Forecast,40.7128,-74.006,CO,130.78,μg/m³,3,26.58,37.0,1.28,235.0,1022.0
2025-10-04 18:00:00+00:00,openweather_forecast,OpenWeatherMap Forecast,40.7128,-74.006,NO2,2.52,μg/m³,3,26.58,37.0,1.28,235.0,1022.0
2025-10-04 18:00:00+00:00,openweather_forecast,OpenWeatherMap Forecast,40.7128,-74.006,O3,116.18,μg/m³,3,26.58,37.0,1.28,235.0,1022.0
2025-10-04 18:00:00+00:00,openweather_forecast,OpenWeatherMap Forecast,40.7128,-74.006,SO2,3.57,μg/m³,3,26.58,37.0,1.28,235.0,1022.0
2025-10-04 18:00:00+00:00,openweather_forecast,OpenWeatherMap Forecast,40.7128,-74.006,PM2.5,9.38,μg/m³,3,26.58,37.0,1.28,235.0,1022.0
2025-10-04 18:00:00+00:00,openweather_forecast,OpenWeatherMap Forecast,40.7128,-74.006,PM10,16.17,μg/m³,3,26.58,37.0,1.28,235.0,1022.0
2025-10-04 18:00:00+00:00,openweather_forecast,OpenWeatherMap Forecast,40.7128,-74.006,NH3,0.36,μg/m³,3,26.58,37.0,1.28,235.0,1022.0
2025-10-04 19:00:00+00:00,openweather_forecast,OpenWeatherMap Forecast,40.7128,-74.006,PM10,17.03,μg/m³,3,,,,,
2025-10-04 19:00:00+00:00,openweather_forecast,OpenWeatherMap Forecast,40.7128,-74.006,PM2.5,10.5,μg/m³,3,,,,,
2025-10-04 19:00:00+00:00,openweather_forecast,OpenWeatherMap Forecast,40.7128,-74.006,SO2,3.33,μg/m³,3,,,,,
2025-10-04 19:00:00+00:00,openweather_forecast,OpenWeatherMap Forecast,40.7128,-74.006,NH3,0.36,μg/m³,3,,,,,
2025-10-04 19:00:00+00:00,openweather_forecast,OpenWeatherMap Forecast,40.7128,-74.006,NO2,2.03,μg/m³,3,,,,,
2025-10-04 19:00:00+00:00,openweather_forecast,OpenWeatherMap Forecast,40.7128,-74.006,O3,123.53,μg/m³,3,,,,,
2025-10-04 19:00:00+00:00,openweather_forecast,OpenWeatherMap Forecast,40.7128,-74.006,CO,130.14,μg/m³,3,,,,,
2025-10-04 20:00:00+00:00,openweather_forecast,OpenWeatherMap Forecast,40.7128,-74.006,PM2.5,11.04,μg/m³,3,,,,,
2025-10-04 20:00:00+00:00,openweather_forecast,OpenWeatherMap Forecast,40.7128,-74.006,NH3,0.4,μg/m³,3,,,,,
2025-10-04 20:00:00+00:00,openweather_forecast,OpenWeatherMap Forecast,40.7128,-74.006,PM10,17.36,μg/m³,3,,,,,
2025-10-04 20:00:00+00:00,openweather_forecast,OpenWeatherMap Forecast,40.7128,-74.006,O3,126.13,μg/m³,3,,,,,
2025-10-04 20:00:00+00:00,openweather_forecast,OpenWeatherMap Forecast,40.7128,-74.006,NO2,2.02,μg/m³,3,,,,,
2025-10-04 20:00:00+00:00,openweather_forecast,OpenWeatherMap Forecast,40.7128,-74.006,CO,129.32,μg/m³,3,,,,,
2025-10-04 20:00:00+00:00,openweather_forecast,OpenWeatherMap Forecast,40.7128,-74.006,SO2,3.14,μg/m³,3,,,,,
2025-10-04 21:00:00+00:00,openweather_forecast,OpenWeatherMap Forecast,40.7128,-74.006,CO,130.1,μg/m³,3,25.63,41.0,3.56,176.0,1021.0
2025-10-04 21:00:00+00:00,openweather_forecast,OpenWeatherMap Forecast,40.7128,-74.006,NO2,2.47,μg/m³,3,25.63,41.0,3.56,176.0,1021.0
2025-10-04 21:00:00+00:00,openweather_forecast,OpenWeatherMap Forecast,40.7128,-74.006,O3,126.57,μg/m³,3,25.63,41.0,3.56,176.0,1021.0
2025-10-04 21:00:00+00:00,openweather_forecast,OpenWeatherMap Forecast,40.7128,-74.006,SO2,3.1,μg/m³,3,25.63,41.0,3.56,176.0,1021.0
2025-10-04 21:00:00+00:00,openweather_forecast,OpenWeatherMap Forecast,40.7128,-74.006,PM2.5,11.25,μg/m³,3,25.63,41.0,3.56,176.0,1021.0
2025-10-04 21:00:00+00:00,openweather_forecast,OpenWeatherMap Forecast,40.7128,-74.006,PM10,17.57,μg/m³,3,25.63,41.0,3.56,176.0,1021.0
2025-10-04 21:00:00+00:00,openweather_forecast,OpenWeatherMap Forecast,40.7128,-74.006,NH3,0.5,μg/m³,3,25.63,41.0,3.56,176.0,1021.0
2025-10-04 22:00:00+00:00,openweather_forecast,OpenWeatherMap Forecast,40.7128,-74.006,PM2.5,11.19,μg/m³,3,,,,,
2025-10-04 22:00:00+00:00,openweather_forecast,OpenWeatherMap Forecast,40.7128,-74.006,SO2,3.0,μg/m³,3,,,,,
2025-10-04 22:00:00+00:00,openweather_forecast,OpenWeatherMap Forecast,40.7128,-74.006,PM10,17.78,μg/m³,3,,,,,
2025-10-04 22:00:00+00:00,openweather_forecast,OpenWeatherMap Forecast,40.7128,-74.006,NO2,4.23,μg/m³,3,,,,,
2025-10-04 22:00:00+00:00,openweather_forecast,OpenWeatherMap Forecast,40.7128,-74.006,CO,135.53,μg/m³,3,,,,,
2025-10-04 22:00:00+00:00,openweather_forecast,OpenWeatherMap Forecast,40.7128,-74.006,O3,119.4,μg/m³,3,,,,,
2025-10-04 22:00:00+00:00,openweather_forecast,OpenWeatherMap Forecast,40.7128,-74.006,NH3,0.66,μg/m³,3,,,,,
2025-10-04 23:00:00+00:00,openweather_forecast,OpenWeatherMap Forecast,40.7128,-74.006,PM10,17.83,μg/m³,3,,,,,
2025-10-04 23:00:00+00:00,openweather_forecast,OpenWeatherMap Forecast,40.7128,-74.006,NH3,0.87,μg/m³,3,,,,,
2025-10-04 23:00:00+00:00,openweather_forecast,OpenWeatherMap Forecast,40.7128,-74.006,SO2,2.73,μg/m³,3,,,,,
2025-10-04 23:00:00+00:00,openweather_forecast,OpenWeatherMap Forecast,40.7128,-74.006,PM2.5,10.82,μg/m³,3,,,,,
2025-10-04 23:00:00+00:00,openweather_forecast,OpenWeatherMap Forecast,40.7128,-74.006,O3,107.19,μg/m³,3,,,,,
2025-10-04 23:00:00+00:00,openweather_forecast,OpenWeatherMap Forecast,40.7128,-74.006,NO2,6.25,μg/m³,3,,,,,
2025-10-04 23:00:00+00:00,openweather_forecast,OpenWeatherMap Forecast,40.7128,-74.006,CO,143.51,μg/m³,3,,,,,
2025-10-05 00:00:00+00:00,openweather_forecast,OpenWeatherMap Forecast,40.7128,-74.006,PM10,17.4,μg/m³,2,22.94,60.0,1.94,174.0,1022.0
2025-10-05 00:00:00+00:00,openweather_forecast,OpenWeatherMap Forecast,40.7128,-74.006,PM2.5,10.1,μg/m³,2,22.94,60.0,1.94,174.0,1022.0
2025-10-05 00:00:00+00:00,openweather_forecast,OpenWeatherMap Forecast,40.7128,-74.006,SO2,2.37,μg/m³,2,22.94,60.0,1.94,174.0,1022.0
2025-10-05 00:00:00+00:00,openweather_forecast,OpenWeatherMap Forecast,40.7128,-74.006,NH3,0.99,μg/m³,2,22.94,60.0,1.94,174.0,1022.0
2025-10-05 00:00:00+00:00,openweather_forecast,OpenWeatherMap Forecast,40.7128,-74.006,NO2,6.9,μg/m³,2,22.94,60.0,1.94,174.0,1022.0
2025-10-05 00:00:00+00:00,openweather_forecast,OpenWeatherMap Forecast,40.7128,-74.006,CO,147.21,μg/m³,2,22.94,60.0,1.94,174.0,1022.0
2025-10-05 00:00:00+00:00,openweather_forecast,OpenWeatherMap Forecast,40.7128,-74.006,O3,98.57,μg/m³,2,22.94,60.0,1.94,174.0,1022.0
2025-10-05 01:00:00+00:00,openweather_forecast,OpenWeatherMap Forecast,40.7128,-74.006,CO,143.06,μg/m³,2,,,,,
2025-10-05 01:00:00+00:00,openweather_forecast,OpenWeatherMap Forecast,40.7128,-74.006,NO2,6.47,μg/m³,2,,,,,
2025-10-05 01:00:00+00:00,openweather_forecast,OpenWeatherMap Forecast,40.7128,-74.006,O3,91.22,μg/m³,2,,,,,
2025-10-05 01:00:00+00:00,openweather_forecast,OpenWeatherMap Forecast,40.7128,-74.006,SO2,1.94,μg/m³,2,,,,,
2025-10-05 01:00:00+00:00,openweather_forecast,OpenWeatherMap Forecast,40.7128,-74.006,PM2.5,8.9,μg/m³,2,,,,,
2025-10-05 01:00:00+00:00,openweather_forecast,OpenWeatherMap Forecast,40.7128,-74.006,PM10,16.16,μg/m³,2,,,,,
2025-10-05 01:00:00+00:00,openweather_forecast,OpenWeatherMap Forecast,40.7128,-74.006,NH3,0.81,μg/m³,2,,,,,
2025-10-05 02:00:00+00:00,openweather_forecast,OpenWeatherMap Forecast,40.7128,-74.006,PM10,15.28,μg/m³,2,,,,,
2025-10-05 02:00:00+00:00,openweather_forecast,OpenWeatherMap Forecast,40.7128,-74.006,NH3,0.64,μg/m³,2,,,,,
2025-10-05 02:00:00+00:00,openweather_forecast,OpenWeatherMap Forecast,40.7128,-74.006,PM2.5,8.06,μg/m³,2,,,,,
2025-10-05 02:00:00+00:00,openweather_forecast,OpenWeatherMap Forecast,40.7128,-74.006,SO2,1.64,μg/m³,2,,,,,
2025-10-05 02:00:00+00:00,openweather_forecast,OpenWeatherMap Forecast,40.7128,-74.006,O3,86.16,μg/m³,2,,,,,
2025-10-05 02:00:00+00:00,openweather_forecast,OpenWeatherMap Forecast,40.7128,-74.006,NO2,6.1,μg/m³,2,,,,,
2025-10-05 02:00:00+00:00,openweather_forecast,OpenWeatherMap Forecast,40.7128,-74.006,CO,140.98,μg/m³,2,,,,,
2025-10-05 03:00:00+00:00,openweather_forecast,OpenWeatherMap Forecast,40.7128,-74.006,PM10,14.7,μg/m³,2,22.27,57.0,1.3,268.0,1023.0
2025-10-05 03:00:00+00:00,openweather_forecast,OpenWeatherMap Forecast,40.7128,-74.006,PM2.5,7.58,μg/m³,2,22.27,57.0,1.3,268.0,1023.0
2025-10-05 03:00:00+00:00,openweather_forecast,OpenWeatherMap Forecast,40.7128,-74.006,SO2,1.42,μg/m³,2,22.27,57.0,1.3,268.0,1023.0
2025-10-05 03:00:00+00:00,openweather_forecast,OpenWeatherMap Forecast,40.7128,-74.006,NH3,0.55,μg/m³,2,22.27,57.0,1.3,268.0,1023.0
2025-10-05 03:00:00+00:00,openweather_forecast,OpenWeatherMap Forecast,40.7128,-74.006,NO2,6.08,μg/m³,2,22.27,57.0,1.3,268.0,1023.0
2025-10-05 03:00:00+00:00,openweather_forecast,OpenWeatherMap Forecast,40.7128,-74.006,CO,140.26,μg/m³,2,22.27,57.0,1.3,268.0,1023.0
2025-10-05 03:00:00+00:00,openweather_forecast,OpenWeatherMap Forecast,40.7128,-74.006,O3,80.68,μg/m³,2,22.27,57.0,1.3,268.0,1023.0
2025-10-05 04:00:00+00:00,openweather_forecast,OpenWeatherMap Forecast,40.7128,-74.006,CO,139.3,μg/m³,2,,,,,
2025-10-05 04:00:00+00:00,openweather_forecast,OpenWeatherMap Forecast,40.7128,-74.006,NO2,6.03,μg/m³,2,,,,,
2025-10-05 04:00:00+00:00,openweather_forecast,OpenWeatherMap Forecast,40.7128,-74.006,O3,73.41,μg/m³,2,,,,,
2025-10-05 04:00:00+00:00,openweather_forecast,OpenWeatherMap Forecast,40.7128,-74.006,SO2,1.19,μg/m³,2,,,,,
2025-10-05 04:00:00+00:00,openweather_forecast,OpenWeatherMap Forecast,40.7128,-74.006,PM2.5,7.26,μg/m³,2,,,,,
2025-10-05 04:00:00+00:00,openweather_forecast,OpenWeatherMap Forecast,40.7128,-74.006,PM10,14.18,μg/m³,2,,,,,
2025-10-05 04:00:00+00:00,openweather_forecast,OpenWeatherMap Forecast,40.7128,-74.006,NH3,0.49,μg/m³,2,,,,,
2025-10-05 05:00:00+00:00,openweather_forecast,OpenWeatherMap Forecast,40.7128,-74.006,PM10,13.95,μg/m³,2,,,,,
2025-10-05 05:00:00+00:00,openweather_forecast,OpenWeatherMap Forecast,40.7128,-74.006,NH3,0.43,μg/m³,2,,,,,
2025-10-05 05:00:00+00:00,openweather_forecast,OpenWeatherMap Forecast,40.7128,-74.006,PM2.5,7.17,μg/m³,2,,,,,
2025-10-05 05:00:00+00:00,openweather_forecast,OpenWeatherMap Forecast,40.7128,-74.006,SO2,0.96,μg/m³,2,,,,,
2025-10-05 05:00:00+00:00,openweather_forecast,OpenWeatherMap Forecast,40.7128,-74.006,O3,65.38,μg/m³,2,,,,,
2025-10-05 05:00:00+00:00,openweather_forecast,OpenWeatherMap Forecast,40.7128,-74.006,NO2,5.93,μg/m³,2,,,,,
2025-10-05 05:00:00+00:00,openweather_forecast,OpenWeatherMap Forecast,40.7128,-74.006,CO,139.85,μg/m³,2,,,,,
2025-10-05 06:00:00+00:00,openweather_forecast,OpenWeatherMap Forecast,40.7128,-74.006,PM10,13.93,μg/m³,1,21.13,57.0,1.7,271.0,1023.0
2025-10-05 06:00:00+00:00,openweather_forecast,OpenWeatherMap Forecast,40.7128,-74.006,PM2.5,7.25,μg/m³,1,21.13,57.0,1.7,271.0,1023.0
2025-10-05 06:00:00+00:00,openweather_forecast,OpenWeatherMap Forecast,40.7128,-74.006,SO2,0.82,μg/m³,1,21.13,57.0,1.7,271.0,1023.0
2025-10-05 06:00:00+00:00,openweather_forecast,OpenWeatherMap Forecast,40.7128,-74.006,NH3,0.38,μg/m³,1,21.13,57.0,1.7,271.0,1023.0
2025-10-05 06:00:00+00:00,openweather_forecast,OpenWeatherMap Forecast,40.7128,-74.006,NO2,5.8,μg/m³,1,21.13,57.0,1.7,271.0,1023.0
2025-10-05 06:00:00+00:00,openweather_forecast,OpenWeatherMap Forecast,40.7128,-74.006,CO,141.13,μg/m³,1,21.13,57.0,1.7,271.0,1023.0
2025-10-05 06:00:00+00:00,openweather_forecast,OpenWeatherMap Forecast,40.7128,-74.006,O3,57.96,μg/m³,1,21.13,57.0,1.7,271.0,1023.0
2025-10-05 07:00:00+00:00,openweather_forecast,OpenWeatherMap Forecast,40.7128,-74.006,CO,142.17,μg/m³,1,,,,,
2025-10-05 07:00:00+00:00,openweather_forecast,OpenWeatherMap Forecast,40.7128,-74.006,NO2,5.86,μg/m³,1,,,,,
2025-10-05 07:00:00+00:00,openweather_forecast,OpenWeatherMap Forecast,40.7128,-74.006,O3,50.06,μg/m³,1,,,,,
2025-10-05 07:00:00+00:00,openweather_forecast,OpenWeatherMap Forecast,40.7128,-74.006,SO2,0.68,μg/m³,1,,,,,
2025-10-05 07:00:00+00:00,openweather_forecast,OpenWeatherMap Forecast,40.7128,-74.006,PM2.5,7.43,μg/m³,1,,,,,
2025-10-05 07:00:00+00:00,openweather_forecast,OpenWeatherMap Forecast,40.7128,-74.006,PM10,14.0,μg/m³,1,,,,,
2025-10-05 07:00:00+00:00,openweather_forecast,OpenWeatherMap Forecast,40.7128,-74.006,NH3,0.29,μg/m³,1,,,,,
2025-10-05 08:00:00+00:00,openweather_forecast,OpenWeatherMap Forecast,40.7128,-74.006,PM10,14.08,μg/m³,1,,,,,
2025-10-05 08:00:00+00:00,openweather_forecast,OpenWeatherMap Forecast,40.7128,-74.006,NH3,0.23,μg/m³,1,,,,,
2025-10-05 08:00:00+00:00,openweather_forecast,OpenWeatherMap Forecast,40.7128,-74.006,PM2.5,7.61,μg/m³,1,,,,,
2025-10-05 08:00:00+00:00,openweather_forecast,OpenWeatherMap Forecast,40.7128,-74.006,SO2,0.54,μg/m³,1,,,,,
2025-10-05 08:00:00+00:00,openweather_forecast,OpenWeatherMap Forecast,40.7128,-74.006,O3,42.03,μg/m³,1,,,,,
2025-10-05 08:00:00+00:00,openweather_forecast,OpenWeatherMap Forecast,40.7128,-74.006,NO2,6.02,μg/m³,1,,,,,
2025-10-05 08:00:00+00:00,openweather_forecast,OpenWeatherMap Forecast,40.7128,-74.006,CO,143.64,μg/m³,1,,,,,
2025-10-05 09:00:00+00:00,openweather_forecast,OpenWeatherMap Forecast,40.7128,-74.006,CO,145.29,μg/m³,1,20.08,59.0,1.73,271.0,1024.0
2025-10-05 09:00:00+00:00,openweather_forecast,OpenWeatherMap Forecast,40.7128,-74.006,NO2,6.26,μg/m³,1,20.08,59.0,1.73,271.0,1024.0
2025-10-05 09:00:00+00:00,openweather_forecast,OpenWeatherMap Forecast,40.7128,-74.006,O3,35.52,μg/m³,1,20.08,59.0,1.73,271.0,1024.0
2025-10-05 09:00:00+00:00,openweather_forecast,OpenWeatherMap Forecast,40.7128,-74.006,SO2,0.47,μg/m³,1,20.08,59.0,1.73,271.0,1024.0
2025-10-05 09:00:00+00:00,openweather_forecast,OpenWeatherMap Forecast,40.7128,-74.006,PM2.5,7.71,μg/m³,1,20.08,59.0,1.73,271.0,1024.0
2025-10-05 09:00:00+00:00,openweather_forecast,OpenWeatherMap Forecast,40.7128,-74.006,PM10,14.12,μg/m³,1,20.08,59.0,1.73,271.0,1024.0
2025-10-05 09:00:00+00:00,openweather_forecast,OpenWeatherMap Forecast,40.7128,-74.006,NH3,0.2,μg/m³,1,20.08,59.0,1.73,271.0,1024.0
2025-10-05 10:00:00+00:00,openweather_forecast,OpenWeatherMap Forecast,40.7128,-74.006,NH3,0.19,μg/m³,1,,,,,
2025-10-05 10:00:00+00:00,openweather_forecast,OpenWeatherMap Forecast,40.7128,-74.006,PM10,14.19,μg/m³,1,,,,,
2025-10-05 10:00:00+00:00,openweather_forecast,OpenWeatherMap Forecast,40.7128,-74.006,PM2.5,7.8,μg/m³,1,,,,,
2025-10-05 10:00:00+00:00,openweather_forecast,OpenWeatherMap Forecast,40.7128,-74.006,CO,147.26,μg/m³,1,,,,,
2025-10-05 10:00:00+00:00,openweather_forecast,OpenWeatherMap Forecast,40.7128,-74.006,O3,29.81,μg/m³,1,,,,,
2025-10-05 10:00:00+00:00,openweather_forecast,OpenWeatherMap Forecast,40.7128,-74.006,NO2,6.83,μg/m³,1,,,,,
2025-10-05 10:00:00+00:00,openweather_forecast,OpenWeatherMap Forecast,40.7128,-74.006,SO2,0.46,μg/m³,1,,,,,
2025-10-05 11:00:00+00:00,openweather_forecast,OpenWeatherMap Forecast,40.7128,-74.006,PM2.5,7.98,μg/m³,1,,,,,
2025-10-05 11:00:00+00:00,openweather_forecast,OpenWeatherMap Forecast,40.7128,-74.006,NH3,0.21,μg/m³,1,,,,,
2025-10-05 11:00:00+00:00,openweather_forecast,OpenWeatherMap Forecast,40.7128,-74.006,PM10,14.56,μg/m³,1,,,,,
2025-10-05 11:00:00+00:00,openweather_forecast,OpenWeatherMap Forecast,40.7128,-74.006,SO2,0.52,μg/m³,1,,,,,
2025-10-05 11:00:00+00:00,openweather_forecast,OpenWeatherMap Forecast,40.7128,-74.006,NO2,8.65,μg/m³,1,,,,,
2025-10-05 11:00:00+00:00,openweather_forecast,OpenWeatherMap Forecast,40.7128,-74.006,O3,24.82,μg/m³,1,,,,,
2025-10-05 11:00:00+00:00,openweather_forecast,OpenWeatherMap Forecast,40.7128,-74.006,CO,156.41,μg/m³,1,,,,,
2025-10-05 12:00:00+00:00,openweather_forecast,OpenWeatherMap Forecast,40.7128,-74.006,CO,172.09,μg/m³,1,20.08,59.0,1.24,276.0,1026.0
2025-10-05 12:00:00+00:00,openweather_forecast,OpenWeatherMap Forecast,40.7128,-74.006,NO2,11.12,μg/m³,1,20.08,59.0,1.24,276.0,1026.0
2025-10-05 12:00:00+00:00,openweather_forecast,OpenWeatherMap Forecast,40.7128,-74.006,O3,20.73,μg/m³,1,20.08,59.0,1.24,276.0,1026.0
2025-10-05 12:00:00+00:00,openweather_forecast,OpenWeatherMap Forecast,40.7128,-74.006,SO2,0.62,μg/m³,1,20.08,59.0,1.24,276.0,1026.0
2025-10-05 12:00:00+00:00,openweather_forecast,OpenWeatherMap Forecast,40.7128,-74.006,PM2.5,8.12,μg/m³,1,20.08,59.0,1.24,276.0,1026.0
2025-10-05 12:00:00+00:00,openweather_forecast,OpenWeatherMap Forecast,40.7128,-74.006,PM10,14.94,μg/m³,1,20.08,59.0,1.24,276.0,1026.0
2025-10-05 12:00:00+00:00,openweather_forecast,OpenWeatherMap Forecast,40.7128,-74.006,NH3,0.26,μg/m³,1,20.08,59.0,1.24,276.0,1026.0
2025-10-05 13:00:00+00:00,openweather_forecast,OpenWeatherMap Forecast,40.7128,-74.006,NH3,0.3,μg/m³,1,,,,,
2025-10-05 13:00:00+00:00,openweather_forecast,OpenWeatherMap Forecast,40.7128,-74.006,PM10,14.9,μg/m³,1,,,,,
2025-10-05 13:00:00+00:00,openweather_forecast,OpenWeatherMap Forecast,40.7128,-74.006,PM2.5,8.0,μg/m³,1,,,,,
2025-10-05 13:00:00+00:00,openweather_forecast,OpenWeatherMap Forecast,40.7128,-74.006,CO,182.52,μg/m³,1,,,,,
2025-10-05 13:00:00+00:00,openweather_forecast,OpenWeatherMap Forecast,40.7128,-74.006,O3,21.64,μg/m³,1,,,,,
2025-10-05 13:00:00+00:00,openweather_forecast,OpenWeatherMap Forecast,40.7128,-74.006,NO2,9.39,μg/m³,1,,,,,
2025-10-05 13:00:00+00:00,openweather_forecast,OpenWeatherMap Forecast,40.7128,-74.006,SO2,0.72,μg/m³,1,,,,,
2025-10-05 14:00:00+00:00,openweather_forecast,OpenWeatherMap Forecast,40.7128,-74.006,PM10,14.83,μg/m³,1,,,,,
2025-10-05 14:00:00+00:00,openweather_forecast,OpenWeatherMap Forecast,40.7128,-74.006,NH3,0.47,μg/m³,1,,,,,
2025-10-05 14:00:00+00:00,openweather_forecast,OpenWeatherMap Forecast,40.7128,-74.006,PM2.5,7.79,μg/m³,1,,,,,
2025-10-05 14:00:00+00:00,openweather_forecast,OpenWeatherMap Forecast,40.7128,-74.006,SO2,0.89,μg/m³,1,,,,,
2025-10-05 14:00:00+00:00,openweather_forecast,OpenWeatherMap Forecast,40.7128,-74.006,O3,24.02,μg/m³,1,,,,,
2025-10-05 14:00:00+00:00,openweather_forecast,OpenWeatherMap Forecast,40.7128,-74.006,NO2,7.67,μg/m³,1,,,,,
2025-10-05 14:00:00+00:00,openweather_forecast,OpenWeatherMap Forecast,40.7128,-74.006,CO,186.41,μg/m³,1,,,,,
2025-10-05 15:00:00+00:00,openweather_forecast,OpenWeatherMap Forecast,40.7128,-74.006,PM10,14.97,μg/m³,1,24.18,45.0,0.77,196.0,1026.0
2025-10-05 15:00:00+00:00,openweather_forecast,OpenWeatherMap Forecast,40.7128,-74.006,PM2.5,7.73,μg/m³,1,24.18,45.0,0.77,196.0,1026.0
2025-10-05 15:00:00+00:00,openweather_forecast,OpenWeatherMap Forecast,40.7128,-74.006,SO2,1.28,μg/m³,1,24.18,45.0,0.77,196.0,1026.0
2025-10-05 15:00:00+00:00,openweather_forecast,OpenWeatherMap Forecast,40.7128,-74.006,NH3,0.6,μg/m³,1,24.18,45.0,0.77,196.0,1026.0
2025-10-05 15:00:00+00:00,openweather_forecast,OpenWeatherMap Forecast,40.7128,-74.006,NO2,7.36,μg/m³,1,24.18,45.0,0.77,196.0,1026.0
2025-10-05 15:00:00+00:00,openweather_forecast,OpenWeatherMap Forecast,40.7128,-74.006,CO,186.21,μg/m³,1,24.18,45.0,0.77,196.0,1026.0
2025-10-05 15:00:00+00:00,openweather_forecast,OpenWeatherMap Forecast,40.7128,-74.006,O3,29.15,μg/m³,1,24.18,45.0,0.77,196.0,1026.0
2025-10-05 16:00:00+00:00,openweather_forecast,OpenWeatherMap Forecast,40.7128,-74.006,CO,134.09,μg/m³,3,,,,,
2025-10-05 16:00:00+00:00,openweather_forecast,OpenWeatherMap Forecast,40.7128,-74.006,NO2,4.07,μg/m³,3,,,,,
2025-10-05 16:00:00+00:00,openweather_forecast,OpenWeatherMap Forecast,40.7128,-74.006,O3,103.24,μg/m³,3,,,,,
2025-10-05 16:00:00+00:00,openweather_forecast,OpenWeatherMap Forecast,40.7128,-74.006,SO2,3.61,μg/m³,3,,,,,
2025-10-05 16:00:00+00:00,openweather_forecast,OpenWeatherMap Forecast,40.7128,-74.006,PM2.5,9.85,μg/m³,3,,,,,
2025-10-05 16:00:00+00:00,openweather_forecast,OpenWeatherMap Forecast,40.7128,-74.006,PM10,16.05,μg/m³,3,,,,,
2025-10-05 16:00:00+00:00,openweather_forecast,OpenWeatherMap Forecast,40.7128,-74.006,NH3,0.16,μg/m³,3,,,,,
2025-10-05 17:00:00+00:00,openweather_forecast,OpenWeatherMap Forecast,40.7128,-74.006,PM2.5,10.5,μg/m³,3,,,,,
2025-10-05 17:00:00+00:00,openweather_forecast,OpenWeatherMap Forecast,40.7128,-74.006,NH3,0.12,μg/m³,3,,,,,
2025-10-05 17:00:00+00:00,openweather_forecast,OpenWeatherMap Forecast,40.7128,-74.006,PM10,15.93,μg/m³,3,,,,,
2025-10-05 17:00:00+00:00,openweather_forecast,OpenWeatherMap Forecast,40.7128,-74.006,O3,116.46,μg/m³,3,,,,,
2025-10-05 17:00:00+00:00,openweather_forecast,OpenWeatherMap Forecast,40.7128,-74.006,NO2,2.3,μg/m³,3,,,,,
2025-10-05 17:00:00+00:00,openweather_forecast,OpenWeatherMap Forecast,40.7128,-74.006,CO,125.24,μg/m³,3,,,,,
2025-10-05 17:00:00+00:00,openweather_forecast,OpenWeatherMap Forecast,40.7128,-74.006,SO2,2.91,μg/m³,3,,,,,
2025-10-05 18:00:00+00:00,openweather_forecast,OpenWeatherMap Forecast,40.7128,-74.006,CO,122.74,μg/m³,3,26.19,41.0,3.14,179.0,1025.0
2025-10-05 18:00:00+00:00,openweather_forecast,OpenWeatherMap Forecast,40.7128,-74.006,NO2,1.72,μg/m³,3,26.19,41.0,3.14,179.0,1025.0
2025-10-05 18:00:00+00:00,openweather_forecast,OpenWeatherMap Forecast,40.7128,-74.006,O3,120.44,μg/m³,3,26.19,41.0,3.14,179.0,1025.0
2025-10-05 18:00:00+00:00,openweather_forecast,OpenWeatherMap Forecast,40.7128,-74.006,SO2,2.55,μg/m³,3,26.19,41.0,3.14,179.0,1025.0
2025-10-05 18:00:00+00:00,openweather_forecast,OpenWeatherMap Forecast,40.7128,-74.006,PM2.5,10.67,μg/m³,3,26.19,41.0,3.14,179.0,1025.0
2025-10-05 18:00:00+00:00,openweather_forecast,OpenWeatherMap Forecast,40.7128,-74.006,PM10,15.77,μg/m³,3,26.19,41.0,3.14,179.0,1025.0
2025-10-05 18:00:00+00:00,openweather_forecast,OpenWeatherMap Forecast,40.7128,-74.006,NH3,0.12,μg/m³,3,26.19,41.0,3.14,179.0,1025.0
2025-10-05 19:00:00+00:00,openweather_forecast,OpenWeatherMap Forecast,40.7128,-74.006,PM10,15.49,μg/m³,3,,,,,
2025-10-05 19:00:00+00:00,openweather_forecast,OpenWeatherMap Forecast,40.7128,-74.006,PM2.5,10.5,μg/m³,3,,,,,
2025-10-05 19:00:00+00:00,openweather_forecast,OpenWeatherMap Forecast,40.7128,-74.006,SO2,2.23,μg/m³,3,,,,,
2025-10-05 19:00:00+00:00,openweather_forecast,OpenWeatherMap Forecast,40.7128,-74.006,NH3,0.13,μg/m³,3,,,,,
2025-10-05 19:00:00+00:00,openweather_forecast,OpenWeatherMap Forecast,40.7128,-74.006,NO2,1.51,μg/m³,3,,,,,
2025-10-05 19:00:00+00:00,openweather_forecast,OpenWeatherMap Forecast,40.7128,-74.006,CO,122.16,μg/m³,3,,,,,
2025-10-05 19:00:00+00:00,openweather_forecast,OpenWeatherMap Forecast,40.7128,-74.006,O3,122.45,μg/m³,3,,,,,
2025-10-05 20:00:00+00:00,openweather_forecast,OpenWeatherMap Forecast,40.7128,-74.006,PM10,15.09,μg/m³,3,,,,,
2025-10-05 20:00:00+00:00,openweather_forecast,OpenWeatherMap Forecast,40.7128,-74.006,PM2.5,9.89,μg/m³,3,,,,,
2025-10-05 20:00:00+00:00,openweather_forecast,OpenWeatherMap Forecast,40.7128,-74.006,SO2,2.03,μg/m³,3,,,,,
2025-10-05 20:00:00+00:00,openweather_forecast,OpenWeatherMap Forecast,40.7128,-74.006,NH3,0.19,μg/m³,3,,,,,
2025-10-05 20:00:00+00:00,openweather_forecast,OpenWeatherMap Forecast,40.7128,-74.006,NO2,1.63,μg/m³,3,,,,,
2025-10-05 20:00:00+00:00,openweather_forecast,OpenWeatherMap Forecast,40.7128,-74.006,CO,120.79,μg/m³,3,,,,,
2025-10-05 20:00:00+00:00,openweather_forecast,OpenWeatherMap Forecast,40.7128,-74.006,O3,120.54,μg/m³,3,,,,,
2025-10-05 21:00:00+00:00,openweather_forecast,OpenWeatherMap Forecast,40.7128,-74.006,CO,119.87,μg/m³,3,24.91,48.0,4.54,159.0,1025.0
2025-10-05 21:00:00+00:00,openweather_forecast,OpenWeatherMap Forecast,40.7128,-74.006,NO2,1.99,μg/m³,3,24.91,48.0,4.54,159.0,1025.0
2025-10-05 21:00:00+00:00,openweather_forecast,OpenWeatherMap Forecast,40.7128,-74.006,O3,116.99,μg/m³,3,24.91,48.0,4.54,159.0,1025.0
2025-10-05 21:00:00+00:00,openweather_forecast,OpenWeatherMap Forecast,40.7128,-74.006,SO2,1.85,μg/m³,3,24.91,48.0,4.54,159.0,1025.0
2025-10-05 21:00:00+00:00,openweather_forecast,OpenWeatherMap Forecast,40.7128,-74.006,PM2.5,8.98,μg/m³,3,24.91,48.0,4.54,159.0,1025.0
2025-10-05 21:00:00+00:00,openweather_forecast,OpenWeatherMap Forecast,40.7128,-74.006,PM10,14.43,μg/m³,3,24.91,48.0,4.54,159.0,1025.0
2025-10-05 21:00:00+00:00,openweather_forecast,OpenWeatherMap Forecast,40.7128,-74.006,NH3,0.27,μg/m³,3,24.91,48.0,4.54,159.0,1025.0
2025-10-05 22:00:00+00:00,openweather_forecast,OpenWeatherMap Forecast,40.7128,-74.006,PM2.5,8.07,μg/m³,3,,,,,
2025-10-05 22:00:00+00:00,openweather_forecast,OpenWeatherMap Forecast,40.7128,-74.006,SO2,1.71,μg/m³,3,,,,,
2025-10-05 22:00:00+00:00,openweather_forecast,OpenWeatherMap Forecast,40.7128,-74.006,PM10,13.81,μg/m³,3,,,,,
2025-10-05 22:00:00+00:00,openweather_forecast,OpenWeatherMap Forecast,40.7128,-74.006,NO2,3.26,μg/m³,3,,,,,
2025-10-05 22:00:00+00:00,openweather_forecast,OpenWeatherMap Forecast,40.7128,-74.006,CO,122.38,μg/m³,3,,,,,
2025-10-05 22:00:00+00:00,openweather_forecast,OpenWeatherMap Forecast,40.7128,-74.006,O3,107.91,μg/m³,3,,,,,
2025-10-05 22:00:00+00:00,openweather_forecast,OpenWeatherMap Forecast,40.7128,-74.006,NH3,0.37,μg/m³,3,,,,,
2025-10-05 23:00:00+00:00,openweather_forecast,OpenWeatherMap Forecast,40.7128,-74.006,PM2.5,7.3,μg/m³,2,,,,,
2025-10-05 23:00:00+00:00,openweather_forecast,OpenWeatherMap Forecast,40.7128,-74.006,PM10,13.37,μg/m³,2,,,,,
2025-10-05 23:00:00+00:00,openweather_forecast,OpenWeatherMap Forecast,40.7128,-74.006,SO2,1.59,μg/m³,2,,,,,
2025-10-05 23:00:00+00:00,openweather_forecast,OpenWeatherMap Forecast,40.7128,-74.006,NH3,0.47,μg/m³,2,,,,,
2025-10-05 23:00:00+00:00,openweather_forecast,OpenWeatherMap Forecast,40.7128,-74.006,NO2,4.39,μg/m³,2,,,,,
2025-10-05 23:00:00+00:00,openweather_forecast,OpenWeatherMap Forecast,40.7128,-74.006,CO,126.65,μg/m³,2,,,,,
2025-10-05 23:00:00+00:00,openweather_forecast,OpenWeatherMap Forecast,40.7128,-74.006,O3,98.6,μg/m³,2,,,,,
2025-10-06 00:00:00+00:00,openweather_forecast,OpenWeatherMap Forecast,40.7128,-74.006,PM10,12.79,μg/m³,2,22.59,60.0,4.12,169.0,1025.0
2025-10-06 00:00:00+00:00,openweather_forecast,OpenWeatherMap Forecast,40.7128,-74.006,PM2.5,6.59,μg/m³,2,22.59,60.0,4.12,169.0,1025.0
2025-10-06 00:00:00+00:00,openweather_forecast,OpenWeatherMap Forecast,40.7128,-74.006,SO2,1.47,μg/m³,2,22.59,60.0,4.12,169.0,1025.0
2025-10-06 00:00:00+00:00,openweather_forecast,OpenWeatherMap Forecast,40.7128,-74.006,NH3,0.51,μg/m³,2,22.59,60.0,4.12,169.0,1025.0
2025-10-06 00:00:00+00:00,openweather_forecast,OpenWeatherMap Forecast,40.7128,-74.006,NO2,4.48,μg/m³,2,22.59,60.0,4.12,169.0,1025.0
2025-10-06 00:00:00+00:00,openweather_forecast,OpenWeatherMap Forecast,40.7128,-74.006,CO,127.67,μg/m³,2,22.59,60.0,4.12,169.0,1025.0
2025-10-06 00:00:00+00:00,openweather_forecast,OpenWeatherMap Forecast,40.7128,-74.006,O3,94.57,μg/m³,2,22.59,60.0,4.12,169.0,1025.0
2025-10-06 01:00:00+00:00,openweather_forecast,OpenWeatherMap Forecast,40.7128,-74.006,CO,123.95,μg/m³,2,,,,,
2025-10-06 01:00:00+00:00,openweather_forecast,OpenWeatherMap Forecast,40.7128,-74.006,NO2,4.14,μg/m³,2,,,,,
2025-10-06 01:00:00+00:00,openweather_forecast,OpenWeatherMap Forecast,40.7128,-74.006,O3,91.09,μg/m³,2,,,,,
2025-10-06 01:00:00+00:00,openweather_forecast,OpenWeatherMap Forecast,40.7128,-74.006,SO2,1.3,μg/m³,2,,,,,
2025-10-06 01:00:00+00:00,openweather_forecast,OpenWeatherMap Forecast,40.7128,-74.006,PM2.5,5.86,μg/m³,2,,,,,
2025-10-06 01:00:00+00:00,openweather_forecast,OpenWeatherMap Forecast,40.7128,-74.006,PM10,11.78,μg/m³,2,,,,,
2025-10-06 01:00:00+00:00,openweather_forecast,OpenWeatherMap Forecast,40.7128,-74.006,NH3,0.42,μg/m³,2,,,,,
2025-10-06 02:00:00+00:00,openweather_forecast,OpenWeatherMap Forecast,40.7128,-74.006,PM10,11.07,μg/m³,2,,,,,
2025-10-06 02:00:00+00:00,openweather_forecast,OpenWeatherMap Forecast,40.7128,-74.006,NH3,0.3,μg/m³,2,,,,,
2025-10-06 02:00:00+00:00,openweather_forecast,OpenWeatherMap Forecast,40.7128,-74.006,PM2.5,5.4,μg/m³,2,,,,,
2025-10-06 02:00:00+00:00,openweather_forecast,OpenWeatherMap Forecast,40.7128,-74.006,SO2,1.13,μg/m³,2,,,,,
2025-10-06 02:00:00+00:00,openweather_forecast,OpenWeatherMap Forecast,40.7128,-74.006,O3,87.89,μg/m³,2,,,,,
2025-10-06 02:00:00+00:00,openweather_forecast,OpenWeatherMap Forecast,40.7128,-74.006,NO2,4.06,μg/m³,2,,,,,
2025-10-06 02:00:00+00:00,openweather_forecast,OpenWeatherMap Forecast,40.7128,-74.006,CO,122.91,μg/m³,2,,,,,
2025-10-06 03:00:00+00:00,openweather_forecast,OpenWeatherMap Forecast,40.7128,-74.006,PM10,10.5,μg/m³,2,21.55,59.0,3.35,206.0,1025.0
2025-10-06 03:00:00+00:00,openweather_forecast,OpenWeatherMap Forecast,40.7128,-74.006,PM2.5,5.08,μg/m³,2,21.55,59.0,3.35,206.0,1025.0
2025-10-06 03:00:00+00:00,openweather_forecast,OpenWeatherMap Forecast,40.7128,-74.006,SO2,0.99,μg/m³,2,21.55,59.0,3.35,206.0,1025.0
2025-10-06 03:00:00+00:00,openweather_forecast,OpenWeatherMap Forecast,40.7128,-74.006,NH3,0.2,μg/m³,2,21.55,59.0,3.35,206.0,1025.0
2025-10-06 03:00:00+00:00,openweather_forecast,OpenWeatherMap Forecast,40.7128,-74.006,NO2,4.17,μg/m³,2,21.55,59.0,3.35,206.0,1025.0
2025-10-06 03:00:00+00:00,openweather_forecast,OpenWeatherMap Forecast,40.7128,-74.006,CO,122.6,μg/m³,2,21.55,59.0,3.35,206.0,1025.0
2025-10-06 03:00:00+00:00,openweather_forecast,OpenWeatherMap Forecast,40.7128,-74.006,O3,83.96,μg/m³,2,21.55,59.0,3.35,206.0,1025.0
2025-10-06 04:00:00+00:00,openweather_forecast,OpenWeatherMap Forecast,40.7128,-74.006,CO,121.12,μg/m³,2,,,,,
2025-10-06 04:00:00+00:00,openweather_forecast,OpenWeatherMap Forecast,40.7128,-74.006,NO2,4.09,μg/m³,2,,,,,
2025-10-06 04:00:00+00:00,openweather_forecast,OpenWeatherMap Forecast,40.7128,-74.006,O3,78.87,μg/m³,2,,,,,
2025-10-06 04:00:00+00:00,openweather_forecast,OpenWeatherMap Forecast,40.7128,-74.006,SO2,0.85,μg/m³,2,,,,,
2025-10-06 04:00:00+00:00,openweather_forecast,OpenWeatherMap Forecast,40.7128,-74.006,PM2.5,4.76,μg/m³,2,,,,,
2025-10-06 04:00:00+00:00,openweather_forecast,OpenWeatherMap Forecast,40.7128,-74.006,PM10,9.86,μg/m³,2,,,,,
2025-10-06 04:00:00+00:00,openweather_forecast,OpenWeatherMap Forecast,40.7128,-74.006,NH3,0.19,μg/m³,2,,,,,
2025-10-06 05:00:00+00:00,openweather_forecast,OpenWeatherMap Forecast,40.7128,-74.006,PM10,9.4,μg/m³,2,,,,,
2025-10-06 05:00:00+00:00,openweather_forecast,OpenWeatherMap Forecast,40.7128,-74.006,NH3,0.21,μg/m³,2,,,,,
2025-10-06 05:00:00+00:00,openweather_forecast,OpenWeatherMap Forecast,40.7128,-74.006,PM2.5,4.5,μg/m³,2,,,,,
2025-10-06 05:00:00+00:00,openweather_forecast,OpenWeatherMap Forecast,40.7128,-74.006,SO2,0.76,μg/m³,2,,,,,
2025-10-06 05:00:00+00:00,openweather_forecast,OpenWeatherMap Forecast,40.7128,-74.006,O3,73.65,μg/m³,2,,,,,
2025-10-06 05:00:00+00:00,openweather_forecast,OpenWeatherMap Forecast,40.7128,-74.006,NO2,3.96,μg/m³,2,,,,,
2025-10-06 05:00:00+00:00,openweather_forecast,OpenWeatherMap Forecast,40.7128,-74.006,CO,119.95,μg/m³,2,,,,,
2025-10-06 06:00:00+00:00,openweather_forecast,OpenWeatherMap Forecast,40.7128,-74.006,PM10,9.09,μg/m³,2,20.14,58.0,3.03,229.0,1026.0
2025-10-06 06:00:00+00:00,openweather_forecast,OpenWeatherMap Forecast,40.7128,-74.006,PM2.5,4.31,μg/m³,2,20.14,58.0,3.03,229.0,1026.0
2025-10-06 06:00:00+00:00,openweather_forecast,OpenWeatherMap Forecast,40.7128,-74.006,SO2,0.7,μg/m³,2,20.14,58.0,3.03,229.0,1026.0
2025-10-06 06:00:00+00:00,openweather_forecast,OpenWeatherMap Forecast,40.7128,-74.006,NH3,0.22,μg/m³,2,20.14,58.0,3.03,229.0,1026.0
2025-10-06 06:00:00+00:00,openweather_forecast,OpenWeatherMap Forecast,40.7128,-74.006,NO2,3.82,μg/m³,2,20.14,58.0,3.03,229.0,1026.0
2025-10-06 06:00:00+00:00,openweather_forecast,OpenWeatherMap Forecast,40.7128,-74.006,CO,118.69,μg/m³,2,20.14,58.0,3.03,229.0,1026.0
2025-10-06 06:00:00+00:00,openweather_forecast,OpenWeatherMap Forecast,40.7128,-74.006,O3,68.43,μg/m³,2,20.14,58.0,3.03,229.0,1026.0
2025-10-06 07:00:00+00:00,openweather_forecast,OpenWeatherMap Forecast,40.7128,-74.006,CO,117.79,μg/m³,2,,,,,
2025-10-06 07:00:00+00:00,openweather_forecast,OpenWeatherMap Forecast,40.7128,-74.006,NO2,3.85,μg/m³,2,,,,,
2025-10-06 07:00:00+00:00,openweather_forecast,OpenWeatherMap Forecast,40.7128,-74.006,O3,61.29,μg/m³,2,,,,,
2025-10-06 07:00:00+00:00,openweather_forecast,OpenWeatherMap Forecast,40.7128,-74.006,SO2,0.61,μg/m³,2,,,,,
2025-10-06 07:00:00+00:00,openweather_forecast,OpenWeatherMap Forecast,40.7128,-74.006,PM2.5,4.17,μg/m³,2,,,,,
2025-10-06 07:00:00+00:00,openweather_forecast,OpenWeatherMap Forecast,40.7128,-74.006,PM10,8.87,μg/m³,2,,,,,
2025-10-06 07:00:00+00:00,openweather_forecast,OpenWeatherMap Forecast,40.7128,-74.006,NH3,0.2,μg/m³,2,,,,,
2025-10-06 08:00:00+00:00,openweather_forecast,OpenWeatherMap Forecast,40.7128,-74.006,PM10,8.7,μg/m³,1,,,,,
2025-10-06 08:00:00+00:00,openweather_forecast,OpenWeatherMap Forecast,40.7128,-74.006,NH3,0.18,μg/m³,1,,,,,
2025-10-06 08:00:00+00:00,openweather_forecast,OpenWeatherMap Forecast,40.7128,-74.006,PM2.5,4.07,μg/m³,1,,,,,
2025-10-06 08:00:00+00:00,openweather_forecast,OpenWeatherMap Forecast,40.7128,-74.006,SO2,0.52,μg/m³,1,,,,,
2025-10-06 08:00:00+00:00,openweather_forecast,OpenWeatherMap Forecast,40.7128,-74.006,O3,53.82,μg/m³,1,,,,,
2025-10-06 08:00:00+00:00,openweather_forecast,OpenWeatherMap Forecast,40.7128,-74.006,NO2,3.97,μg/m³,1,,,,,
2025-10-06 08:00:00+00:00,openweather_forecast,OpenWeatherMap Forecast,40.7128,-74.006,CO,117.08,μg/m³,1,,,,,
2025-10-06 09:00:00+00:00,openweather_forecast,OpenWeatherMap Forecast,40.7128,-74.006,PM10,8.58,μg/m³,1,19.08,64.0,2.79,232.0,1026.0
2025-10-06 09:00:00+00:00,openweather_forecast,OpenWeatherMap Forecast,40.7128,-74.006,PM2.5,3.97,μg/m³,1,19.08,64.0,2.79,232.0,1026.0
2025-10-06 09:00:00+00:00,openweather_forecast,OpenWeatherMap Forecast,40.7128,-74.006,SO2,0.48,μg/m³,1,19.08,64.0,2.79,232.0,1026.0
2025-10-06 09:00:00+00:00,openweather_forecast,OpenWeatherMap Forecast,40.7128,-74.006,NH3,0.18,μg/m³,1,19.08,64.0,2.79,232.0,1026.0
2025-10-06 09:00:00+00:00,openweather_forecast,OpenWeatherMap Forecast,40.7128,-74.006,NO2,4.14,μg/m³,1,19.08,64.0,2.79,232.0,1026.0
2025-10-06 09:00:00+00:00,openweather_forecast,OpenWeatherMap Forecast,40.7128,-74.006,CO,116.83,μg/m³,1,19.08,64.0,2.79,232.0,1026.0
2025-10-06 09:00:00+00:00,openweather_forecast,OpenWeatherMap Forecast,40.7128,-74.006,O3,48.05,μg/m³,1,19.08,64.0,2.79,232.0,1026.0
2025-10-06 10:00:00+00:00,openweather_forecast,OpenWeatherMap Forecast,40.7128,-74.006,CO,118.02,μg/m³,1,,,,,
2025-10-06 10:00:00+00:00,openweather_forecast,OpenWeatherMap Forecast,40.7128,-74.006,NO2,4.72,μg/m³,1,,,,,
2025-10-06 10:00:00+00:00,openweather_forecast,OpenWeatherMap Forecast,40.7128,-74.006,O3,42.96,μg/m³,1,,,,,
2025-10-06 10:00:00+00:00,openweather_forecast,OpenWeatherMap Forecast,40.7128,-74.006,SO2,0.48,μg/m³,1,,,,,
2025-10-06 10:00:00+00:00,openweather_forecast,OpenWeatherMap Forecast,40.7128,-74.006,PM2.5,3.9,μg/m³,1,,,,,
2025-10-06 10:00:00+00:00,openweather_forecast,OpenWeatherMap Forecast,40.7128,-74.006,PM10,8.54,μg/m³,1,,,,,
2025-10-06 10:00:00+00:00,openweather_forecast,OpenWeatherMap Forecast,40.7128,-74.006,NH3,0.19,μg/m³,1,,,,,
2025-10-06 11:00:00+00:00,openweather_forecast,OpenWeatherMap Forecast,40.7128,-74.006,PM10,8.79,μg/m³,1,,,,,
2025-10-06 11:00:00+00:00,openweather_forecast,OpenWeatherMap Forecast,40.7128,-74.006,NH3,0.22,μg/m³,1,,,,,
2025-10-06 11:00:00+00:00,openweather_forecast,OpenWeatherMap Forecast,40.7128,-74.006,PM2.5,3.92,μg/m³,1,,,,,
2025-10-06 11:00:00+00:00,openweather_forecast,OpenWeatherMap Forecast,40.7128,-74.006,SO2,0.54,μg/m³,1,,,,,
2025-10-06 11:00:00+00:00,openweather_forecast,OpenWeatherMap Forecast,40.7128,-74.006,O3,38.13,μg/m³,1,,,,,
2025-10-06 11:00:00+00:00,openweather_forecast,OpenWeatherMap Forecast,40.7128,-74.006,NO2,6.83,μg/m³,1,,,,,
2025-10-06 11:00:00+00:00,openweather_forecast,OpenWeatherMap Forecast,40.7128,-74.006,CO,127.98,μg/m³,1,,,,,
2025-10-06 12:00:00+00:00,openweather_forecast,OpenWeatherMap Forecast,40.7128,-74.006,PM10,9.04,μg/m³,1,18.74,67.0,2.67,238.0,1026.0
2025-10-06 12:00:00+00:00,openweather_forecast,OpenWeatherMap Forecast,40.7128,-74.006,PM2.5,3.96,μg/m³,1,18.74,67.0,2.67,238.0,1026.0
2025-10-06 12:00:00+00:00,openweather_forecast,OpenWeatherMap Forecast,40.7128,-74.006,SO2,0.69,μg/m³,1,18.74,67.0,2.67,238.0,1026.0
2025-10-06 12:00:00+00:00,openweather_forecast,OpenWeatherMap Forecast,40.7128,-74.006,NH3,0.26,μg/m³,1,18.74,67.0,2.67,238.0,1026.0
2025-10-06 12:00:00+00:00,openweather_forecast,OpenWeatherMap Forecast,40.7128,-74.006,NO2,9.55,μg/m³,1,18.74,67.0,2.67,238.0,1026.0
2025-10-06 12:00:00+00:00,openweather_forecast,OpenWeatherMap Forecast,40.7128,-74.006,CO,142.85,μg/m³,1,18.74,67.0,2.67,238.0,1026.0
2025-10-06 12:00:00+00:00,openweather_forecast,OpenWeatherMap Forecast,40.7128,-74.006,O3,35.67,μg/m³,1,18.74,67.0,2.67,238.0,1026.0
2025-10-06 13:00:00+00:00,openweather_forecast,OpenWeatherMap Forecast,40.7128,-74.006,CO,148.86,μg/m³,1,,,,,
2025-10-06 13:00:00+00:00,openweather_forecast,OpenWeatherMap Forecast,40.7128,-74.006,NO2,8.62,μg/m³,1,,,,,
2025-10-06 13:00:00+00:00,openweather_forecast,OpenWeatherMap Forecast,40.7128,-74.006,O3,37.99,μg/m³,1,,,,,
2025-10-06 13:00:00+00:00,openweather_forecast,OpenWeatherMap Forecast,40.7128,-74.006,SO2,0.88,μg/m³,1,,,,,
2025-10-06 13:00:00+00:00,openweather_forecast,OpenWeatherMap Forecast,40.7128,-74.006,PM2.5,3.88,μg/m³,1,,,,,
2025-10-06 13:00:00+00:00,openweather_forecast,OpenWeatherMap Forecast,40.7128,-74.006,PM10,9.06,μg/m³,1,,,,,
2025-10-06 13:00:00+00:00,openweather_forecast,OpenWeatherMap Forecast,40.7128,-74.006,NH3,0.27,μg/m³,1,,,,,
2025-10-06 14:00:00+00:00,openweather_forecast,OpenWeatherMap Forecast,40.7128,-74.006,PM10,9.23,μg/m³,1,,,,,
2025-10-06 14:00:00+00:00,openweather_forecast,OpenWeatherMap Forecast,40.7128,-74.006,NH3,0.32,μg/m³,1,,,,,
2025-10-06 14:00:00+00:00,openweather_forecast,OpenWeatherMap Forecast,40.7128,-74.006,PM2.5,3.87,μg/m³,1,,,,,
2025-10-06 14:00:00+00:00,openweather_forecast,OpenWeatherMap Forecast,40.7128,-74.006,SO2,1.0,μg/m³,1,,,,,
2025-10-06 14:00:00+00:00,openweather_forecast,OpenWeatherMap Forecast,40.7128,-74.006,O3,38.2,μg/m³,1,,,,,
2025-10-06 14:00:00+00:00,openweather_forecast,OpenWeatherMap Forecast,40.7128,-74.006,NO2,7.66,μg/m³,1,,,,,
2025-10-06 14:00:00+00:00,openweather_forecast,OpenWeatherMap Forecast,40.7128,-74.006,CO,154.0,μg/m³,1,,,,,
2025-10-06 15:00:00+00:00,openweather_forecast,OpenWeatherMap Forecast,40.7128,-74.006,PM10,9.52,μg/m³,1,22.95,48.0,3.07,225.0,1026.0
2025-10-06 15:00:00+00:00,openweather_forecast,OpenWeatherMap Forecast,40.7128,-74.006,PM2.5,3.95,μg/m³,1,22.95,48.0,3.07,225.0,1026.0
2025-10-06 15:00:00+00:00,openweather_forecast,OpenWeatherMap Forecast,40.7128,-74.006,SO2,1.42,μg/m³,1,22.95,48.0,3.07,225.0,1026.0
2025-10-06 15:00:00+00:00,openweather_forecast,OpenWeatherMap Forecast,40.7128,-74.006,NH3,0.45,μg/m³,1,22.95,48.0,3.07,225.0,1026.0
2025-10-06 15:00:00+00:00,openweather_forecast,OpenWeatherMap Forecast,40.7128,-74.006,NO2,7.0,μg/m³,1,22.95,48.0,3.07,225.0,1026.0
2025-10-06 15:00:00+00:00,openweather_forecast,OpenWeatherMap Forecast,40.7128,-74.006,CO,151.12,μg/m³,1,22.95,48.0,3.07,225.0,1026.0
2025-10-06 15:00:00+00:00,openweather_forecast,OpenWeatherMap Forecast,40.7128,-74.006,O3,44.2,μg/m³,1,22.95,48.0,3.07,225.0,1026.0
2025-10-06 16:00:00+00:00,openweather_forecast,OpenWeatherMap Forecast,40.7128,-74.006,CO,113.87,μg/m³,2,,,,,
2025-10-06 16:00:00+00:00,openweather_forecast,OpenWeatherMap Forecast,40.7128,-74.006,NO2,3.19,μg/m³,2,,,,,
2025-10-06 16:00:00+00:00,openweather_forecast,OpenWeatherMap Forecast,40.7128,-74.006,O3,97.21,μg/m³,2,,,,,
2025-10-06 16:00:00+00:00,openweather_forecast,OpenWeatherMap Forecast,40.7128,-74.006,SO2,2.5,μg/m³,2,,,,,
2025-10-06 16:00:00+00:00,openweather_forecast,OpenWeatherMap Forecast,40.7128,-74.006,PM2.5,4.99,μg/m³,2,,,,,
2025-10-06 16:00:00+00:00,openweather_forecast,OpenWeatherMap Forecast,40.7128,-74.006,PM10,10.86,μg/m³,2,,,,,
2025-10-06 16:00:00+00:00,openweather_forecast,OpenWeatherMap Forecast,40.7128,-74.006,NH3,0.09,μg/m³,2,,,,,
2025-10-06 17:00:00+00:00,openweather_forecast,OpenWeatherMap Forecast,40.7128,-74.006,PM10,11.21,μg/m³,3,,,,,
2025-10-06 17:00:00+00:00,openweather_forecast,OpenWeatherMap Forecast,40.7128,-74.006,NH3,0.03,μg/m³,3,,,,,
2025-10-06 17:00:00+00:00,openweather_forecast,OpenWeatherMap Forecast,40.7128,-74.006,PM2.5,5.64,μg/m³,3,,,,,
2025-10-06 17:00:00+00:00,openweather_forecast,OpenWeatherMap Forecast,40.7128,-74.006,SO2,2.08,μg/m³,3,,,,,
2025-10-06 17:00:00+00:00,openweather_forecast,OpenWeatherMap Forecast,40.7128,-74.006,O3,108.5,μg/m³,3,,,,,
2025-10-06 17:00:00+00:00,openweather_forecast,OpenWeatherMap Forecast,40.7128,-74.006,NO2,1.86,μg/m³,3,,,,,
2025-10-06 17:00:00+00:00,openweather_forecast,OpenWeatherMap Forecast,40.7128,-74.006,CO,107.58,μg/m³,3,,,,,
2025-10-06 18:00:00+00:00,openweather_forecast,OpenWeatherMap Forecast,40.7128,-74.006,PM10,11.03,μg/m³,3,25.41,43.0,4.11,181.0,1025.0
2025-10-06 18:00:00+00:00,openweather_forecast,OpenWeatherMap Forecast,40.7128,-74.006,PM2.5,5.77,μg/m³,3,25.41,43.0,4.11,181.0,1025.0
2025-10-06 18:00:00+00:00,openweather_forecast,OpenWeatherMap Forecast,40.7128,-74.006,SO2,1.78,μg/m³,3,25.41,43.0,4.11,181.0,1025.0
2025-10-06 18:00:00+00:00,openweather_forecast,OpenWeatherMap Forecast,40.7128,-74.006,NH3,0.04,μg/m³,3,25.41,43.0,4.11,181.0,1025.0
2025-10-06 18:00:00+00:00,openweather_forecast,OpenWeatherMap Forecast,40.7128,-74.006,NO2,1.46,μg/m³,3,25.41,43.0,4.11,181.0,1025.0
2025-10-06 18:00:00+00:00,openweather_forecast,OpenWeatherMap Forecast,40.7128,-74.006,CO,105.18,μg/m³,3,25.41,43.0,4.11,181.0,1025.0
2025-10-06 18:00:00+00:00,openweather_forecast,OpenWeatherMap Forecast,40.7128,-74.006,O3,112.02,μg/m³,3,25.41,43.0,4.11,181.0,1025.0
2025-10-06 19:00:00+00:00,openweather_forecast,OpenWeatherMap Forecast,40.7128,-74.006,CO,104.24,μg/m³,3,,,,,
2025-10-06 19:00:00+00:00,openweather_forecast,OpenWeatherMap Forecast,40.7128,-74.006,NO2,1.37,μg/m³,3,,,,,
2025-10-06 19:00:00+00:00,openweather_forecast,OpenWeatherMap Forecast,40.7128,-74.006,O3,114.03,μg/m³,3,,,,,
2025-10-06 19:00:00+00:00,openweather_forecast,OpenWeatherMap Forecast,40.7128,-74.006,SO2,1.59,μg/m³,3,,,,,
2025-10-06 19:00:00+00:00,openweather_forecast,OpenWeatherMap Forecast,40.7128,-74.006,PM2.5,5.61,μg/m³,3,,,,,
2025-10-06 19:00:00+00:00,openweather_forecast,OpenWeatherMap Forecast,40.7128,-74.006,PM10,10.69,μg/m³,3,,,,,
2025-10-06 19:00:00+00:00,openweather_forecast,OpenWeatherMap Forecast,40.7128,-74.006,NH3,0.07,μg/m³,3,,,,,
2025-10-06 20:00:00+00:00,openweather_forecast,OpenWeatherMap Forecast,40.7128,-74.006,PM10,10.21,μg/m³,3,,,,,
2025-10-06 20:00:00+00:00,openweather_forecast,OpenWeatherMap Forecast,40.7128,-74.006,NH3,0.12,μg/m³,3,,,,,
2025-10-06 20:00:00+00:00,openweather_forecast,OpenWeatherMap Forecast,40.7128,-74.006,PM2.5,5.25,μg/m³,3,,,,,
2025-10-06 20:00:00+00:00,openweather_forecast,OpenWeatherMap Forecast,40.7128,-74.006,SO2,1.46,μg/m³,3,,,,,
2025-10-06 20:00:00+00:00,openweather_forecast,OpenWeatherMap Forecast,40.7128,-74.006,O3,113.32,μg/m³,3,,,,,
2025-10-06 20:00:00+00:00,openweather_forecast,OpenWeatherMap Forecast,40.7128,-74.006,NO2,1.51,μg/m³,3,,,,,
2025-10-06 20:00:00+00:00,openweather_forecast,OpenWeatherMap Forecast,40.7128,-74.006,CO,103.58,μg/m³,3,,,,,
2025-10-06 21:00:00+00:00,openweather_forecast,OpenWeatherMap Forecast,40.7128,-74.006,PM10,9.56,μg/m³,3,23.34,52.0,5.6,158.0,1023.0
2025-10-06 21:00:00+00:00,openweather_forecast,OpenWeatherMap Forecast,40.7128,-74.006,PM2.5,4.7,μg/m³,3,23.34,52.0,5.6,158.0,1023.0
2025-10-06 21:00:00+00:00,openweather_forecast,OpenWeatherMap Forecast,40.7128,-74.006,SO2,1.36,μg/m³,3,23.34,52.0,5.6,158.0,1023.0
2025-10-06 21:00:00+00:00,openweather_forecast,OpenWeatherMap Forecast,40.7128,-74.006,NH3,0.18,μg/m³,3,23.34,52.0,5.6,158.0,1023.0
2025-10-06 21:00:00+00:00,openweather_forecast,OpenWeatherMap Forecast,40.7128,-74.006,NO2,1.88,μg/m³,3,23.34,52.0,5.6,158.0,1023.0
2025-10-06 21:00:00+00:00,openweather_forecast,OpenWeatherMap Forecast,40.7128,-74.006,CO,103.36,μg/m³,3,23.34,52.0,5.6,158.0,1023.0
2025-10-06 21:00:00+00:00,openweather_forecast,OpenWeatherMap Forecast,40.7128,-74.006,O3,110.68,μg/m³,3,23.34,52.0,5.6,158.0,1023.0
2025-10-06 22:00:00+00:00,openweather_forecast,OpenWeatherMap Forecast,40.7128,-74.006,CO,106.33,μg/m³,3,,,,,
2025-10-06 22:00:00+00:00,openweather_forecast,OpenWeatherMap Forecast,40.7128,-74.006,NO2,3.03,μg/m³,3,,,,,
2025-10-06 22:00:00+00:00,openweather_forecast,OpenWeatherMap Forecast,40.7128,-74.006,O3,104.33,μg/m³,3,,,,,
2025-10-06 22:00:00+00:00,openweather_forecast,OpenWeatherMap Forecast,40.7128,-74.006,SO2,1.37,μg/m³,3,,,,,
2025-10-06 22:00:00+00:00,openweather_forecast,OpenWeatherMap Forecast,40.7128,-74.006,PM2.5,4.18,μg/m³,3,,,,,
2025-10-06 22:00:00+00:00,openweather_forecast,OpenWeatherMap Forecast,40.7128,-74.006,PM10,9.04,μg/m³,3,,,,,
2025-10-06 22:00:00+00:00,openweather_forecast,OpenWeatherMap Forecast,40.7128,-74.006,NH3,0.25,μg/m³,3,,,,,
2025-10-06 23:00:00+00:00,openweather_forecast,OpenWeatherMap Forecast,40.7128,-74.006,PM2.5,3.71,μg/m³,2,,,,,
2025-10-06 23:00:00+00:00,openweather_forecast,OpenWeatherMap Forecast,40.7128,-74.006,NH3,0.28,μg/m³,2,,,,,
2025-10-06 23:00:00+00:00,openweather_forecast,OpenWeatherMap Forecast,40.7128,-74.006,SO2,1.37,μg/m³,2,,,,,
2025-10-06 23:00:00+00:00,openweather_forecast,OpenWeatherMap Forecast,40.7128,-74.006,PM10,8.57,μg/m³,2,,,,,
2025-10-06 23:00:00+00:00,openweather_forecast,OpenWeatherMap Forecast,40.7128,-74.006,NO2,3.99,μg/m³,2,,,,,
2025-10-06 23:00:00+00:00,openweather_forecast,OpenWeatherMap Forecast,40.7128,-74.006,CO,110.26,μg/m³,2,,,,,
2025-10-06 23:00:00+00:00,openweather_forecast,OpenWeatherMap Forecast,40.7128,-74.006,O3,96.68,μg/m³,2,,,,,
2025-10-07 00:00:00+00:00,openweather_forecast,OpenWeatherMap Forecast,40.7128,-74.006,PM10,7.87,μg/m³,2,22.04,60.0,4.63,183.0,1024.0
2025-10-07 00:00:00+00:00,openweather_forecast,OpenWeatherMap Forecast,40.7128,-74.006,PM2.5,3.18,μg/m³,2,22.04,60.0,4.63,183.0,1024.0
2025-10-07 00:00:00+00:00,openweather_forecast,OpenWeatherMap Forecast,40.7128,-74.006,SO2,1.24,μg/m³,2,22.04,60.0,4.63,183.0,1024.0
2025-10-07 00:00:00+00:00,openweather_forecast,OpenWeatherMap Forecast,40.7128,-74.006,NH3,0.24,μg/m³,2,22.04,60.0,4.63,183.0,1024.0
2025-10-07 00:00:00+00:00,openweather_forecast,OpenWeatherMap Forecast,40.7128,-74.006,NO2,3.87,μg/m³,2,22.04,60.0,4.63,183.0,1024.0
2025-10-07 00:00:00+00:00,openweather_forecast,OpenWeatherMap Forecast,40.7128,-74.006,CO,110.59,μg/m³,2,22.04,60.0,4.63,183.0,1024.0
2025-10-07 00:00:00+00:00,openweather_forecast,OpenWeatherMap Forecast,40.7128,-74.006,O3,92.06,μg/m³,2,22.04,60.0,4.63,183.0,1024.0
2025-10-07 01:00:00+00:00,openweather_forecast,OpenWeatherMap Forecast,40.7128,-74.006,CO,107.24,μg/m³,2,,,,,
2025-10-07 01:00:00+00:00,openweather_forecast,OpenWeatherMap Forecast,40.7128,-74.006,NO2,3.39,μg/m³,2,,,,,
2025-10-07 01:00:00+00:00,openweather_forecast,OpenWeatherMap Forecast,40.7128,-74.006,O3,88.01,μg/m³,2,,,,,
2025-10-07 01:00:00+00:00,openweather_forecast,OpenWeatherMap Forecast,40.7128,-74.006,SO2,1.04,μg/m³,2,,,,,
2025-10-07 01:00:00+00:00,openweather_forecast,OpenWeatherMap Forecast,40.7128,-74.006,PM2.5,2.67,μg/m³,2,,,,,
2025-10-07 01:00:00+00:00,openweather_forecast,OpenWeatherMap Forecast,40.7128,-74.006,PM10,6.98,μg/m³,2,,,,,
2025-10-07 01:00:00+00:00,openweather_forecast,OpenWeatherMap Forecast,40.7128,-74.006,NH3,0.18,μg/m³,2,,,,,
2025-10-07 02:00:00+00:00,openweather_forecast,OpenWeatherMap Forecast,40.7128,-74.006,PM10,6.45,μg/m³,2,,,,,
2025-10-07 02:00:00+00:00,openweather_forecast,OpenWeatherMap Forecast,40.7128,-74.006,NH3,0.16,μg/m³,2,,,,,
2025-10-07 02:00:00+00:00,openweather_forecast,OpenWeatherMap Forecast,40.7128,-74.006,PM2.5,2.4,μg/m³,2,,,,,
2025-10-07 02:00:00+00:00,openweather_forecast,OpenWeatherMap Forecast,40.7128,-74.006,SO2,0.93,μg/m³,2,,,,,
2025-10-07 02:00:00+00:00,openweather_forecast,OpenWeatherMap Forecast,40.7128,-74.006,O3,84.87,μg/m³,2,,,,,
2025-10-07 02:00:00+00:00,openweather_forecast,OpenWeatherMap Forecast,40.7128,-74.006,NO2,3.22,μg/m³,2,,,,,
2025-10-07 02:00:00+00:00,openweather_forecast,OpenWeatherMap Forecast,40.7128,-74.006,CO,106.22,μg/m³,2,,,,,
2025-10-07 03:00:00+00:00,openweather_forecast,OpenWeatherMap Forecast,40.7128,-74.006,PM10,6.18,μg/m³,2,20.76,64.0,4.48,216.0,1024.0
2025-10-07 03:00:00+00:00,openweather_forecast,OpenWeatherMap Forecast,40.7128,-74.006,PM2.5,2.3,μg/m³,2,20.76,64.0,4.48,216.0,1024.0
2025-10-07 03:00:00+00:00,openweather_forecast,OpenWeatherMap Forecast,40.7128,-74.006,SO2,0.88,μg/m³,2,20.76,64.0,4.48,216.0,1024.0
2025-10-07 03:00:00+00:00,openweather_forecast,OpenWeatherMap Forecast,40.7128,-74.006,NH3,0.2,μg/m³,2,20.76,64.0,4.48,216.0,1024.0
2025-10-07 03:00:00+00:00,openweather_forecast,OpenWeatherMap Forecast,40.7128,-74.006,NO2,3.38,μg/m³,2,20.76,64.0,4.48,216.0,1024.0
2025-10-07 03:00:00+00:00,openweather_forecast,OpenWeatherMap Forecast,40.7128,-74.006,CO,106.94,μg/m³,2,20.76,64.0,4.48,216.0,1024.0
2025-10-07 03:00:00+00:00,openweather_forecast,OpenWeatherMap Forecast,40.7128,-74.006,O3,81.03,μg/m³,2,20.76,64.0,4.48,216.0,1024.0
2025-10-07 04:00:00+00:00,openweather_forecast,OpenWeatherMap Forecast,40.7128,-74.006,CO,107.74,μg/m³,2,,,,,
2025-10-07 04:00:00+00:00,openweather_forecast,OpenWeatherMap Forecast,40.7128,-74.006,NO2,3.51,μg/m³,2,,,,,
2025-10-07 04:00:00+00:00,openweather_forecast,OpenWeatherMap Forecast,40.7128,-74.006,O3,76.46,μg/m³,2,,,,,
2025-10-07 04:00:00+00:00,openweather_forecast,OpenWeatherMap Forecast,40.7128,-74.006,SO2,0.85,μg/m³,2,,,,,
2025-10-07 04:00:00+00:00,openweather_forecast,OpenWeatherMap Forecast,40.7128,-74.006,PM2.5,2.27,μg/m³,2,,,,,
2025-10-07 04:00:00+00:00,openweather_forecast,OpenWeatherMap Forecast,40.7128,-74.006,PM10,5.97,μg/m³,2,,,,,
2025-10-07 04:00:00+00:00,openweather_forecast,OpenWeatherMap Forecast,40.7128,-74.006,NH3,0.28,μg/m³,2,,,,,
2025-10-07 05:00:00+00:00,openweather_forecast,OpenWeatherMap Forecast,40.7128,-74.006,PM10,5.79,μg/m³,2,,,,,
2025-10-07 05:00:00+00:00,openweather_forecast,OpenWeatherMap Forecast,40.7128,-74.006,NH3,0.3,μg/m³,2,,,,,
2025-10-07 05:00:00+00:00,openweather_forecast,OpenWeatherMap Forecast,40.7128,-74.006,PM2.5,2.23,μg/m³,2,,,,,
2025-10-07 05:00:00+00:00,openweather_forecast,OpenWeatherMap Forecast,40.7128,-74.006,SO2,0.83,μg/m³,2,,,,,
2025-10-07 05:00:00+00:00,openweather_forecast,OpenWeatherMap Forecast,40.7128,-74.006,O3,72.59,μg/m³,2,,,,,
2025-10-07 05:00:00+00:00,openweather_forecast,OpenWeatherMap Forecast,40.7128,-74.006,NO2,3.38,μg/m³,2,,,,,
2025-10-07 05:00:00+00:00,openweather_forecast,OpenWeatherMap Forecast,40.7128,-74.006,CO,107.99,μg/m³,2,,,,,
2025-10-07 06:00:00+00:00,openweather_forecast,OpenWeatherMap Forecast,40.7128,-74.006,PM10,5.61,μg/m³,2,19.62,71.0,3.52,221.0,1024.0
2025-10-07 06:00:00+00:00,openweather_forecast,OpenWeatherMap Forecast,40.7128,-74.006,PM2.5,2.17,μg/m³,2,19.62,71.0,3.52,221.0,1024.0
2025-10-07 06:00:00+00:00,openweather_forecast,OpenWeatherMap Forecast,40.7128,-74.006,SO2,0.81,μg/m³,2,19.62,71.0,3.52,221.0,1024.0
2025-10-07 06:00:00+00:00,openweather_forecast,OpenWeatherMap Forecast,40.7128,-74.006,NH3,0.28,μg/m³,2,19.62,71.0,3.52,221.0,1024.0
2025-10-07 06:00:00+00:00,openweather_forecast,OpenWeatherMap Forecast,40.7128,-74.006,NO2,3.16,μg/m³,2,19.62,71.0,3.52,221.0,1024.0
2025-10-07 06:00:00+00:00,openweather_forecast,OpenWeatherMap Forecast,40.7128,-74.006,CO,107.42,μg/m³,2,19.62,71.0,3.52,221.0,1024.0
2025-10-07 06:00:00+00:00,openweather_forecast,OpenWeatherMap Forecast,40.7128,-74.006,O3,69.82,μg/m³,2,19.62,71.0,3.52,221.0,1024.0
2025-10-07 07:00:00+00:00,openweather_forecast,OpenWeatherMap Forecast,40.7128,-74.006,CO,106.27,μg/m³,2,,,,,
2025-10-07 07:00:00+00:00,openweather_forecast,OpenWeatherMap Forecast,40.7128,-74.006,NO2,2.98,μg/m³,2,,,,,
2025-10-07 07:00:00+00:00,openweather_forecast,OpenWeatherMap Forecast,40.7128,-74.006,O3,67.33,μg/m³,2,,,,,
2025-10-07 07:00:00+00:00,openweather_forecast,OpenWeatherMap Forecast,40.7128,-74.006,SO2,0.78,μg/m³,2,,,,,
2025-10-07 07:00:00+00:00,openweather_forecast,OpenWeatherMap Forecast,40.7128,-74.006,PM2.5,2.11,μg/m³,2,,,,,
2025-10-07 07:00:00+00:00,openweather_forecast,OpenWeatherMap Forecast,40.7128,-74.006,PM10,5.44,μg/m³,2,,,,,
2025-10-07 07:00:00+00:00,openweather_forecast,OpenWeatherMap Forecast,40.7128,-74.006,NH3,0.24,μg/m³,2,,,,,
2025-10-07 08:00:00+00:00,openweather_forecast,OpenWeatherMap Forecast,40.7128,-74.006,PM10,5.27,μg/m³,2,,,,,
2025-10-07 08:00:00+00:00,openweather_forecast,OpenWeatherMap Forecast,40.7128,-74.006,NH3,0.21,μg/m³,2,,,,,
2025-10-07 08:00:00+00:00,openweather_forecast,OpenWeatherMap Forecast,40.7128,-74.006,PM2.5,2.04,μg/m³,2,,,,,
2025-10-07 08:00:00+00:00,openweather_forecast,OpenWeatherMap Forecast,40.7128,-74.006,SO2,0.75,μg/m³,2,,,,,
2025-10-07 08:00:00+00:00,openweather_forecast,OpenWeatherMap Forecast,40.7128,-74.006,O3,65.31,μg/m³,2,,,,,
2025-10-07 08:00:00+00:00,openweather_forecast,OpenWeatherMap Forecast,40.7128,-74.006,NO2,2.81,μg/m³,2,,,,,
2025-10-07 08:00:00+00:00,openweather_forecast,OpenWeatherMap Forecast,40.7128,-74.006,CO,105.37,μg/m³,2,,,,,
2025-10-07 09:00:00+00:00,openweather_forecast,OpenWeatherMap Forecast,40.7128,-74.006,PM10,5.14,μg/m³,2,18.86,76.0,3.14,229.0,1023.0
2025-10-07 09:00:00+00:00,openweather_forecast,OpenWeatherMap Forecast,40.7128,-74.006,PM2.5,1.97,μg/m³,2,18.86,76.0,3.14,229.0,1023.0
2025-10-07 09:00:00+00:00,openweather_forecast,OpenWeatherMap Forecast,40.7128,-74.006,SO2,0.73,μg/m³,2,18.86,76.0,3.14,229.0,1023.0
2025-10-07 09:00:00+00:00,openweather_forecast,OpenWeatherMap Forecast,40.7128,-74.006,NH3,0.19,μg/m³,2,18.86,76.0,3.14,229.0,1023.0
2025-10-07 09:00:00+00:00,openweather_forecast,OpenWeatherMap Forecast,40.7128,-74.006,NO2,2.71,μg/m³,2,18.86,76.0,3.14,229.0,1023.0
2025-10-07 09:00:00+00:00,openweather_forecast,OpenWeatherMap Forecast,40.7128,-74.006,CO,104.57,μg/m³,2,18.86,76.0,3.14,229.0,1023.0
2025-10-07 09:00:00+00:00,openweather_forecast,OpenWeatherMap Forecast,40.7128,-74.006,O3,63.99,μg/m³,2,18.86,76.0,3.14,229.0,1023.0
2025-10-07 10:00:00+00:00,openweather_forecast,OpenWeatherMap Forecast,40.7128,-74.006,CO,104.56,μg/m³,2,,,,,
2025-10-07 10:00:00+00:00,openweather_forecast,OpenWeatherMap Forecast,40.7128,-74.006,NO2,2.84,μg/m³,2,,,,,
2025-10-07 10:00:00+00:00,openweather_forecast,OpenWeatherMap Forecast,40.7128,-74.006,O3,62.88,μg/m³,2,,,,,
2025-10-07 10:00:00+00:00,openweather_forecast,OpenWeatherMap Forecast,40.7128,-74.006,SO2,0.75,μg/m³,2,,,,,
2025-10-07 10:00:00+00:00,openweather_forecast,OpenWeatherMap Forecast,40.7128,-74.006,PM2.5,1.94,μg/m³,2,,,,,
2025-10-07 10:00:00+00:00,openweather_forecast,OpenWeatherMap Forecast,40.7128,-74.006,PM10,5.08,μg/m³,2,,,,,
2025-10-07 10:00:00+00:00,openweather_forecast,OpenWeatherMap Forecast,40.7128,-74.006,NH3,0.18,μg/m³,2,,,,,
2025-10-07 11:00:00+00:00,openweather_forecast,OpenWeatherMap Forecast,40.7128,-74.006,PM2.5,1.97,μg/m³,2,,,,,
2025-10-07 11:00:00+00:00,openweather_forecast,OpenWeatherMap Forecast,40.7128,-74.006,NH3,0.2,μg/m³,2,,,,,
2025-10-07 11:00:00+00:00,openweather_forecast,OpenWeatherMap Forecast,40.7128,-74.006,SO2,0.82,μg/m³,2,,,,,
2025-10-07 11:00:00+00:00,openweather_forecast,OpenWeatherMap Forecast,40.7128,-74.006,PM10,5.19,μg/m³,2,,,,,
2025-10-07 11:00:00+00:00,openweather_forecast,OpenWeatherMap Forecast,40.7128,-74.006,NO2,3.71,μg/m³,2,,,,,
2025-10-07 11:00:00+00:00,openweather_forecast,OpenWeatherMap Forecast,40.7128,-74.006,CO,108.0,μg/m³,2,,,,,
2025-10-07 11:00:00+00:00,openweather_forecast,OpenWeatherMap Forecast,40.7128,-74.006,O3,61.06,μg/m³,2,,,,,
2025-10-07 12:00:00+00:00,openweather_forecast,OpenWeatherMap Forecast,40.7128,-74.006,PM10,5.41,μg/m³,1,19.12,72.0,3.77,220.0,1023.0
2025-10-07 12:00:00+00:00,openweather_forecast,OpenWeatherMap Forecast,40.7128,-74.006,PM2.5,2.04,μg/m³,1,19.12,72.0,3.77,220.0,1023.0
2025-10-07 12:00:00+00:00,openweather_forecast,OpenWeatherMap Forecast,40.7128,-74.006,SO2,0.91,μg/m³,1,19.12,72.0,3.77,220.0,1023.0
2025-10-07 12:00:00+00:00,openweather_forecast,OpenWeatherMap Forecast,40.7128,-74.006,NH3,0.25,μg/m³,1,19.12,72.0,3.77,220.0,1023.0
2025-10-07 12:00:00+00:00,openweather_forecast,OpenWeatherMap Forecast,40.7128,-74.006,NO2,5.21,μg/m³,1,19.12,72.0,3.77,220.0,1023.0
2025-10-07 12:00:00+00:00,openweather_forecast,OpenWeatherMap Forecast,40.7128,-74.006,CO,115.18,μg/m³,1,19.12,72.0,3.77,220.0,1023.0
2025-10-07 12:00:00+00:00,openweather_forecast,OpenWeatherMap Forecast,40.7128,-74.006,O3,58.45,μg/m³,1,19.12,72.0,3.77,220.0,1023.0
2025-10-07 13:00:00+00:00,openweather_forecast,OpenWeatherMap Forecast,40.7128,-74.006,CO,119.9,μg/m³,1,,,,,
2025-10-07 13:00:00+00:00,openweather_forecast,OpenWeatherMap Forecast,40.7128,-74.006,NO2,5.59,μg/m³,1,,,,,
2025-10-07 13:00:00+00:00,openweather_forecast,OpenWeatherMap Forecast,40.7128,-74.006,O3,56.85,μg/m³,1,,,,,
2025-10-07 13:00:00+00:00,openweather_forecast,OpenWeatherMap Forecast,40.7128,-74.006,SO2,0.99,μg/m³,1,,,,,
2025-10-07 13:00:00+00:00,openweather_forecast,OpenWeatherMap Forecast,40.7128,-74.006,PM2.5,2.11,μg/m³,1,,,,,
2025-10-07 13:00:00+00:00,openweather_forecast,OpenWeatherMap Forecast,40.7128,-74.006,PM10,5.58,μg/m³,1,,,,,
2025-10-07 13:00:00+00:00,openweather_forecast,OpenWeatherMap Forecast,40.7128,-74.006,NH3,0.27,μg/m³,1,,,,,
2025-10-07 14:00:00+00:00,openweather_forecast,OpenWeatherMap Forecast,40.7128,-74.006,PM10,5.67,μg/m³,1,,,,,
2025-10-07 14:00:00+00:00,openweather_forecast,OpenWeatherMap Forecast,40.7128,-74.006,NH3,0.36,μg/m³,1,,,,,
2025-10-07 14:00:00+00:00,openweather_forecast,OpenWeatherMap Forecast,40.7128,-74.006,PM2.5,2.15,μg/m³,1,,,,,
2025-10-07 14:00:00+00:00,openweather_forecast,OpenWeatherMap Forecast,40.7128,-74.006,SO2,1.08,μg/m³,1,,,,,
2025-10-07 14:00:00+00:00,openweather_forecast,OpenWeatherMap Forecast,40.7128,-74.006,O3,56.5,μg/m³,1,,,,,
2025-10-07 14:00:00+00:00,openweather_forecast,OpenWeatherMap Forecast,40.7128,-74.006,NO2,5.15,μg/m³,1,,,,,
2025-10-07 14:00:00+00:00,openweather_forecast,OpenWeatherMap Forecast,40.7128,-74.006,CO,120.15,μg/m³,1,,,,,
2025-10-07 15:00:00+00:00,openweather_forecast,OpenWeatherMap Forecast,40.7128,-74.006,PM10,5.74,μg/m³,1,22.95,58.0,4.12,212.0,1023.0
2025-10-07 15:00:00+00:00,openweather_forecast,OpenWeatherMap Forecast,40.7128,-74.006,PM2.5,2.19,μg/m³,1,22.95,58.0,4.12,212.0,1023.0
2025-10-07 15:00:00+00:00,openweather_forecast,OpenWeatherMap Forecast,40.7128,-74.006,SO2,1.23,μg/m³,1,22.95,58.0,4.12,212.0,1023.0
2025-10-07 15:00:00+00:00,openweather_forecast,OpenWeatherMap Forecast,40.7128,-74.006,NH3,0.48,μg/m³,1,22.95,58.0,4.12,212.0,1023.0
2025-10-07 15:00:00+00:00,openweather_forecast,OpenWeatherMap Forecast,40.7128,-74.006,NO2,4.53,μg/m³,1,22.95,58.0,4.12,212.0,1023.0
2025-10-07 15:00:00+00:00,openweather_forecast,OpenWeatherMap Forecast,40.7128,-74.006,CO,116.34,μg/m³,1,22.95,58.0,4.12,212.0,1023.0
2025-10-07 15:00:00+00:00,openweather_forecast,OpenWeatherMap Forecast,40.7128,-74.006,O3,59.85,μg/m³,1,22.95,58.0,4.12,212.0,1023.0
2025-10-07 16:00:00+00:00,openweather_forecast,OpenWeatherMap Forecast,40.7128,-74.006,CO,100.0,μg/m³,2,,,,,
2025-10-07 16:00:00+00:00,openweather_forecast,OpenWeatherMap Forecast,40.7128,-74.006,NO2,2.06,μg/m³,2,,,,,
2025-10-07 16:00:00+00:00,openweather_forecast,OpenWeatherMap Forecast,40.7128,-74.006,O3,82.87,μg/m³,2,,,,,
2025-10-07 16:00:00+00:00,openweather_forecast,OpenWeatherMap Forecast,40.7128,-74.006,SO2,0.98,μg/m³,2,,,,,
2025-10-07 16:00:00+00:00,openweather_forecast,OpenWeatherMap Forecast,40.7128,-74.006,PM2.5,1.96,μg/m³,2,,,,,
2025-10-07 16:00:00+00:00,openweather_forecast,OpenWeatherMap Forecast,40.7128,-74.006,PM10,4.88,μg/m³,2,,,,,
2025-10-07 16:00:00+00:00,openweather_forecast,OpenWeatherMap Forecast,40.7128,-74.006,NH3,0.21,μg/m³,2,,,,,
2025-10-07 17:00:00+00:00,openweather_forecast,OpenWeatherMap Forecast,40.7128,-74.006,PM2.5,1.86,μg/m³,2,,,,,
2025-10-07 17:00:00+00:00,openweather_forecast,OpenWeatherMap Forecast,40.7128,-74.006,NH3,0.22,μg/m³,2,,,,,
2025-10-07 17:00:00+00:00,openweather_forecast,OpenWeatherMap Forecast,40.7128,-74.006,SO2,0.83,μg/m³,2,,,,,
2025-10-07 17:00:00+00:00,openweather_forecast,OpenWeatherMap Forecast,40.7128,-74.006,PM10,4.28,μg/m³,2,,,,,
2025-10-07 17:00:00+00:00,openweather_forecast,OpenWeatherMap Forecast,40.7128,-74.006,NO2,1.57,μg/m³,2,,,,,
2025-10-07 17:00:00+00:00,openweather_forecast,OpenWeatherMap Forecast,40.7128,-74.006,CO,97.04,μg/m³,2,,,,,
2025-10-07 17:00:00+00:00,openweather_forecast,OpenWeatherMap Forecast,40.7128,-74.006,O3,86.39,μg/m³,2,,,,,
2025-10-07 18:00:00+00:00,openweather_forecast,OpenWeatherMap Forecast,40.7128,-74.006,PM10,4.09,μg/m³,2,26.17,49.0,5.06,201.0,1020.0
2025-10-07 18:00:00+00:00,openweather_forecast,OpenWeatherMap Forecast,40.7128,-74.006,PM2.5,1.9,μg/m³,2,26.17,49.0,5.06,201.0,1020.0
2025-10-07 18:00:00+00:00,openweather_forecast,OpenWeatherMap Forecast,40.7128,-74.006,SO2,0.81,μg/m³,2,26.17,49.0,5.06,201.0,1020.0
2025-10-07 18:00:00+00:00,openweather_forecast,OpenWeatherMap Forecast,40.7128,-74.006,NH3,0.27,μg/m³,2,26.17,49.0,5.06,201.0,1020.0
2025-10-07 18:00:00+00:00,openweather_forecast,OpenWeatherMap Forecast,40.7128,-74.006,NO2,1.5,μg/m³,2,26.17,49.0,5.06,201.0,1020.0
2025-10-07 18:00:00+00:00,openweather_forecast,OpenWeatherMap Forecast,40.7128,-74.006,CO,96.67,μg/m³,2,26.17,49.0,5.06,201.0,1020.0
2025-10-07 18:00:00+00:00,openweather_forecast,OpenWeatherMap Forecast,40.7128,-74.006,O3,87.14,μg/m³,2,26.17,49.0,5.06,201.0,1020.0
2025-10-07 19:00:00+00:00,openweather_forecast,OpenWeatherMap Forecast,40.7128,-74.006,CO,97.03,μg/m³,2,,,,,
2025-10-07 19:00:00+00:00,openweather_forecast,OpenWeatherMap Forecast,40.7128,-74.006,NO2,1.45,μg/m³,2,,,,,
2025-10-07 19:00:00+00:00,openweather_forecast,OpenWeatherMap Forecast,40.7128,-74.006,O3,88.74,μg/m³,2,,,,,
2025-10-07 19:00:00+00:00,openweather_forecast,OpenWeatherMap Forecast,40.7128,-74.006,SO2,0.81,μg/m³,2,,,,,
2025-10-07 19:00:00+00:00,openweather_forecast,OpenWeatherMap Forecast,40.7128,-74.006,PM2.5,1.98,μg/m³,2,,,,,
2025-10-07 19:00:00+00:00,openweather_forecast,OpenWeatherMap Forecast,40.7128,-74.006,PM10,3.98,μg/m³,2,,,,,
2025-10-07 19:00:00+00:00,openweather_forecast,OpenWeatherMap Forecast,40.7128,-74.006,NH3,0.33,μg/m³,2,,,,,
2025-10-07 20:00:00+00:00,openweather_forecast,OpenWeatherMap Forecast,40.7128,-74.006,PM2.5,2.03,μg/m³,2,,,,,
2025-10-07 20:00:00+00:00,openweather_forecast,OpenWeatherMap Forecast,40.7128,-74.006,NH3,0.38,μg/m³,2,,,,,
2025-10-07 20:00:00+00:00,openweather_forecast,OpenWeatherMap Forecast,40.7128,-74.006,SO2,0.77,μg/m³,2,,,,,
2025-10-07 20:00:00+00:00,openweather_forecast,OpenWeatherMap Forecast,40.7128,-74.006,PM10,3.9,μg/m³,2,,,,,
2025-10-07 20:00:00+00:00,openweather_forecast,OpenWeatherMap Forecast,40.7128,-74.006,NO2,1.4,μg/m³,2,,,,,
2025-10-07 20:00:00+00:00,openweather_forecast,OpenWeatherMap Forecast,40.7128,-74.006,CO,96.76,μg/m³,2,,,,,
2025-10-07 20:00:00+00:00,openweather_forecast,OpenWeatherMap Forecast,40.7128,-74.006,O3,90.43,μg/m³,2,,,,,
2025-10-07 21:00:00+00:00,openweather_forecast,OpenWeatherMap Forecast,40.7128,-74.006,CO,96.68,μg/m³,2,26.54,48.0,4.54,212.0,1019.0
2025-10-07 21:00:00+00:00,openweather_forecast,OpenWeatherMap Forecast,40.7128,-74.006,NO2,1.54,μg/m³,2,26.54,48.0,4.54,212.0,1019.0
2025-10-07 21:00:00+00:00,openweather_forecast,OpenWeatherMap Forecast,40.7128,-74.006,O3,91.13,μg/m³,2,26.54,48.0,4.54,212.0,1019.0
2025-10-07 21:00:00+00:00,openweather_forecast,OpenWeatherMap Forecast,40.7128,-74.006,SO2,0.73,μg/m³,2,26.54,48.0,4.54,212.0,1019.0
2025-10-07 21:00:00+00:00,openweather_forecast,OpenWeatherMap Forecast,40.7128,-74.006,PM2.5,2.04,μg/m³,2,26.54,48.0,4.54,212.0,1019.0
2025-10-07 21:00:00+00:00,openweather_forecast,OpenWeatherMap Forecast,40.7128,-74.006,PM10,3.87,μg/m³,2,26.54,48.0,4.54,212.0,1019.0
2025-10-07 21:00:00+00:00,openweather_forecast,OpenWeatherMap Forecast,40.7128,-74.006,NH3,0.43,μg/m³,2,26.54,48.0,4.54,212.0,1019.0
2025-10-07 22:00:00+00:00,openweather_forecast,OpenWeatherMap Forecast,40.7128,-74.006,NH3,0.5,μg/m³,2,,,,,
2025-10-07 22:00:00+00:00,openweather_forecast,OpenWeatherMap Forecast,40.7128,-74.006,PM10,4.12,μg/m³,2,,,,,
2025-10-07 22:00:00+00:00,openweather_forecast,OpenWeatherMap Forecast,40.7128,-74.006,PM2.5,2.07,μg/m³,2,,,,,
2025-10-07 22:00:00+00:00,openweather_forecast,OpenWeatherMap Forecast,40.7128,-74.006,NO2,2.24,μg/m³,2,,,,,
2025-10-07 22:00:00+00:00,openweather_forecast,OpenWeatherMap Forecast,40.7128,-74.006,O3,89.17,μg/m³,2,,,,,
2025-10-07 22:00:00+00:00,openweather_forecast,OpenWeatherMap Forecast,40.7128,-74.006,CO,98.4,μg/m³,2,,,,,
2025-10-07 22:00:00+00:00,openweather_forecast,OpenWeatherMap Forecast,40.7128,-74.006,SO2,0.78,μg/m³,2,,,,,
2025-10-07 23:00:00+00:00,openweather_forecast,OpenWeatherMap Forecast,40.7128,-74.006,PM10,4.5,μg/m³,2,,,,,
2025-10-07 23:00:00+00:00,openweather_forecast,OpenWeatherMap Forecast,40.7128,-74.006,CO,100.86,μg/m³,2,,,,,
2025-10-07 23:00:00+00:00,openweather_forecast,OpenWeatherMap Forecast,40.7128,-74.006,NO2,3.0,μg/m³,2,,,,,
2025-10-07 23:00:00+00:00,openweather_forecast,OpenWeatherMap Forecast,40.7128,-74.006,O3,85.46,μg/m³,2,,,,,
2025-10-07 23:00:00+00:00,openweather_forecast,OpenWeatherMap Forecast,40.7128,-74.006,SO2,0.87,μg/m³,2,,,,,
2025-10-07 23:00:00+00:00,openweather_forecast,OpenWeatherMap Forecast,40.7128,-74.006,PM2.5,2.09,μg/m³,2,,,,,
2025-10-07 23:00:00+00:00,openweather_forecast,OpenWeatherMap Forecast,40.7128,-74.006,NH3,0.59,μg/m³,2,,,,,
